datetime,price,volume,Sentiment Score
2025-10-07 05:00:00,4711.89208984375,0,0.0
2025-10-07 06:00:00,4671.62353515625,0,0.0
2025-10-07 07:00:00,4677.029296875,834560000,0.0
2025-10-07 08:00:00,4673.294921875,114851840,0.0
2025-10-07 09:00:00,4682.78857421875,242864128,0.0
2025-10-07 10:00:00,4695.30224609375,744570880,0.0
2025-10-07 11:00:00,4711.7666015625,0,0.0
2025-10-07 12:00:00,4741.29296875,400203776,0.0
2025-10-07 13:00:00,4704.474609375,1190555648,0.0
2025-10-07 14:00:00,4600.8232421875,412561408,0.0
2025-10-07 15:00:00,4512.33740234375,4276256768,0.0
2025-10-07 16:00:00,4504.60888671875,3762794496,0.0
2025-10-07 17:00:00,4478.31005859375,0,0.0
2025-10-07 18:00:00,4468.396484375,1013882880,0.0
2025-10-07 19:00:00,4478.259765625,0,0.0
2025-10-07 20:00:00,4515.71484375,754483200,0.0
2025-10-07 21:00:00,4490.30126953125,0,0.0
2025-10-07 22:00:00,4499.6240234375,647688192,0.0
2025-10-07 23:00:00,4449.98046875,0,0.0
2025-10-08 00:00:00,4476.83544921875,1212239872,0.0
2025-10-08 01:00:00,4487.1689453125,992763904,0.0
2025-10-08 02:00:00,4482.478515625,319832064,0.0
2025-10-08 03:00:00,4444.40380859375,0,0.0
2025-10-08 04:00:00,4463.00390625,0,0.0
2025-10-08 05:00:00,4438.81298828125,655716352,0.08384139486231047
2025-10-08 06:00:00,4456.8623046875,0,0.061517587376958165
2025-10-08 07:00:00,4461.97021484375,1018224640,-0.16053514951035244
2025-10-08 08:00:00,4475.431640625,0,-0.011745996045276505
2025-10-08 09:00:00,4482.21875,100646912,-0.6971069970072643
2025-10-08 10:00:00,4502.93896484375,0,-0.07056176774518225
2025-10-08 11:00:00,4488.33203125,941965312,-0.24883114237799192
2025-10-08 12:00:00,4474.9521484375,0,-0.6640619735634172
2025-10-08 13:00:00,4475.38916015625,0,-0.1542650574873238
2025-10-08 14:00:00,4449.26708984375,0,-0.013467794875510385
2025-10-08 15:00:00,4448.00390625,0,-0.2545223495431098
2025-10-08 16:00:00,4496.90087890625,0,0.011913447645496438
2025-10-08 17:00:00,4540.96923828125,1112178688,-0.3126017458015086
2025-10-08 18:00:00,4532.6396484375,0,0.039343508553689475
2025-10-08 19:00:00,4518.38037109375,0,-0.013956746830229504
2025-10-08 20:00:00,4506.818359375,0,-0.21725629453624015
2025-10-08 21:00:00,4519.0888671875,0,0.3422265359295631
2025-10-08 22:00:00,4525.67041015625,745578496,0.4083698470753544
2025-10-08 23:00:00,4528.27734375,0,-0.11343822096203869
2025-10-09 00:00:00,4515.6357421875,0,-0.11397862659311385
2025-10-09 01:00:00,4480.75830078125,2053492736,0.2637823109236024
2025-10-09 02:00:00,4412.8154296875,2781184,-0.09126743483397808
2025-10-09 03:00:00,4451.6298828125,0,-0.23074356958330286
2025-10-09 04:00:00,4455.55419921875,102588416,-0.13911030009293926
2025-10-09 05:00:00,4455.48779296875,0,0.2109960212248179
2025-10-09 06:00:00,4430.0703125,693428224,-0.0204369878369011
2025-10-09 07:00:00,4428.236328125,0,0.056333786904446445
2025-10-09 08:00:00,4330.28466796875,1900470272,0.003921736686283257
2025-10-09 09:00:00,4336.49853515625,2342486016,-0.5603467761123581
2025-10-09 10:00:00,4358.33056640625,0,0.4540414251539792
2025-10-09 11:00:00,4377.4404296875,474177536,0.14042380293896733
2025-10-09 12:00:00,4407.92529296875,877998080,-0.2421414911908377
2025-10-09 13:00:00,4358.79150390625,0,0.3582214105960419
2025-10-09 14:00:00,4345.38720703125,575447040,0.14745405417328955
2025-10-09 15:00:00,4318.3134765625,0,-0.05756280125271359
2025-10-09 16:00:00,4279.470703125,1693319168,-0.0742672465329035
2025-10-09 17:00:00,4323.80419921875,250802176,0.2234075222782252
2025-10-09 18:00:00,4311.84716796875,697233408,-0.1607286766214776
2025-10-09 19:00:00,4329.51708984375,0,0.2784376109129837
2025-10-09 20:00:00,4337.53076171875,394559488,0.4478004007394753
2025-10-09 21:00:00,4359.703125,1275101184,-0.3608109855191279
2025-10-09 22:00:00,4380.33154296875,0,0.009509923615398121
2025-10-09 23:00:00,4369.490234375,1454362624,0.01767092436717692
2025-10-10 00:00:00,4382.068359375,0,-0.5135682299151655
2025-10-10 01:00:00,4376.6513671875,0,-0.41203805538879595
2025-10-10 02:00:00,4360.50146484375,0,-0.2742000306068775
2025-10-10 03:00:00,4354.939453125,1011335168,-0.18680094271667058
2025-10-10 04:00:00,4344.9013671875,554250240,-0.02248082975095927
2025-10-10 05:00:00,4368.6767578125,0,0.0052572823840315195
2025-10-10 06:00:00,4330.89111328125,184582144,-0.02875485599947081
2025-10-10 07:00:00,4326.10009765625,1079500800,-0.07530424693656983
2025-10-10 08:00:00,4346.81787109375,0,-0.038134939830871635
2025-10-10 09:00:00,4323.720703125,0,0.7995647213588168
2025-10-10 10:00:00,4343.8818359375,0,-0.6986312436927681
2025-10-10 11:00:00,4345.9736328125,112803840,-0.10967311855736171
2025-10-10 12:00:00,4349.23193359375,0,-0.34315588842870437
2025-10-10 13:00:00,4355.59765625,0,-0.2976665005693477
2025-10-10 14:00:00,4288.54345703125,1101496320,-0.04862046444857278
2025-10-10 15:00:00,4109.9248046875,8295661568,0.056460804724445014
2025-10-10 16:00:00,4111.57177734375,2373828608,-0.0427225300539892
2025-10-10 17:00:00,4094.503662109375,1433366528,0.20195710288847254
2025-10-10 18:00:00,4061.642333984375,276480000,0.27816527704466676
2025-10-10 19:00:00,4002.4267578125,3597230080,-0.4778199605140661
2025-10-10 20:00:00,3912.558837890625,0,-0.3692554032929199
2025-10-10 21:00:00,3958.203857421875,25870663680,-0.21096121179491267
2025-10-10 22:00:00,3858.32470703125,12441083904,-0.02820521349298457
2025-10-10 23:00:00,3839.8037109375,6688956416,-0.0467478696800502
2025-10-11 00:00:00,3847.813720703125,2231328768,-0.27712630374852626
2025-10-11 01:00:00,3742.8828125,3551698944,0.17699759774150725
2025-10-11 02:00:00,3846.258544921875,3541024768,-0.24149443915406552
2025-10-11 03:00:00,3797.653076171875,797384704,0.3301509187162462
2025-10-11 04:00:00,3816.9990234375,0,0.2918178478965036
2025-10-11 05:00:00,3796.73046875,5234991104,-0.18169540657374286
2025-10-11 06:00:00,3781.1220703125,0,-0.5580664309655688
2025-10-11 07:00:00,3759.727783203125,2652758016,-0.20537768231068065
2025-10-11 08:00:00,3821.455322265625,2744098816,0.21706483888227707
2025-10-11 09:00:00,3833.084228515625,2645155840,-0.02762455188796375
2025-10-11 10:00:00,3836.67333984375,74416128,-0.09395335071482429
2025-10-11 11:00:00,3842.19482421875,1085612032,-0.3215219561938054
2025-10-11 12:00:00,3823.0751953125,625082368,-0.5603946747466687
2025-10-11 13:00:00,3837.814453125,387964928,-0.5147822837011157
2025-10-11 14:00:00,3813.705810546875,0,-0.2663874811419111
2025-10-11 15:00:00,3830.500732421875,0,-0.18982395141857805
2025-10-11 16:00:00,3825.396728515625,0,-0.44652631096142253
2025-10-11 17:00:00,3828.574462890625,0,-0.08601795069975414
2025-10-11 18:00:00,3820.103515625,485752832,-0.18836950106918163
2025-10-11 19:00:00,3757.906494140625,0,-0.43386406469195987
2025-10-11 20:00:00,3681.774169921875,99196928,-0.42506735026207537
2025-10-11 21:00:00,3740.865478515625,0,-0.06435481325385271
2025-10-11 22:00:00,3748.25732421875,0,-0.2893128697732944
2025-10-11 23:00:00,3750.4287109375,0,-0.7777496849038459
2025-10-12 00:00:00,3703.4609375,0,-0.5874388752244146
2025-10-12 01:00:00,3719.646728515625,0,-0.07284860248672867
2025-10-12 02:00:00,3731.56787109375,0,-0.9097179928317695
2025-10-12 03:00:00,3784.02001953125,0,-0.4649327995989755
2025-10-12 04:00:00,3805.005615234375,0,-0.16027542599204717
2025-10-12 05:00:00,3814.3896484375,0,-0.5641668927625892
2025-10-12 06:00:00,3835.44970703125,0,-0.2942487474181096
2025-10-12 07:00:00,3834.26611328125,0,-0.2371388234433302
2025-10-12 08:00:00,3827.74853515625,0,0.010824119942518686
2025-10-12 09:00:00,3847.771728515625,0,0.0
2025-10-12 10:00:00,3823.994384765625,0,0.3459767510037814
2025-10-12 11:00:00,3821.202880859375,0,0.2142857091836736
2025-10-12 12:00:00,3831.02734375,0,-0.1856966966381279
2025-10-12 13:00:00,3814.024169921875,62308352,-0.7981305549981756
2025-10-12 14:00:00,3984.8603515625,2604425216,-0.6259995226093851
2025-10-12 15:00:00,4038.75048828125,6811279360,0.05742887263879775
2025-10-12 16:00:00,4109.54541015625,4298039296,0.35660924620375606
2025-10-12 17:00:00,4126.45849609375,2255626240,-0.40760726437690487
2025-10-12 18:00:00,4113.20751953125,1088634880,-0.39513009296180046
2025-10-12 19:00:00,4139.33544921875,0,0.17176585327067842
2025-10-12 20:00:00,4138.45654296875,759799808,-0.6435027296568153
2025-10-12 21:00:00,4133.978515625,149319680,-0.21524552733244198
2025-10-12 22:00:00,4139.13671875,564633600,-0.3515389189658359
2025-10-12 23:00:00,4162.326171875,0,-0.46700871984076975
2025-10-13 00:00:00,4144.9599609375,0,-0.22037585957075703
2025-10-13 01:00:00,4196.51318359375,215138304,-0.21128848523210145
2025-10-13 02:00:00,4163.55908203125,312799232,0.19735017057946452
2025-10-13 03:00:00,4140.87548828125,0,-0.024846096851733387
2025-10-13 04:00:00,4143.99169921875,487628800,-0.735022655571309
2025-10-13 05:00:00,4131.931640625,0,-0.10292928644773643
2025-10-13 06:00:00,4174.76025390625,1656926208,-0.1506493378150264
2025-10-13 07:00:00,4181.0771484375,1459982336,0.7351536542360808
2025-10-13 08:00:00,4184.39990234375,0,-0.02951281194055231
2025-10-13 09:00:00,4166.7255859375,0,0.7565293668010711
2025-10-13 10:00:00,4153.74169921875,221216768,-0.6577637539737561
2025-10-13 11:00:00,4086.921142578125,1528250368,-0.06786911537506261
2025-10-13 12:00:00,4095.864501953125,1442553856,0.48931602861987755
2025-10-13 13:00:00,4166.5849609375,1043263488,0.03871704585584123
2025-10-13 14:00:00,4094.74169921875,0,0.39127892686008453
2025-10-13 15:00:00,4141.96044921875,0,-0.34178957079709554
2025-10-13 16:00:00,4171.3251953125,0,0.21935737348042908
2025-10-13 17:00:00,4217.97900390625,0,0.044420886070727375
2025-10-13 18:00:00,4231.9404296875,525549568,-0.2132686073428134
2025-10-13 19:00:00,4260.33154296875,957554688,-0.050855043485098894
2025-10-13 20:00:00,4280.37939453125,0,0.05043539413899287
2025-10-13 21:00:00,4261.70654296875,0,-0.12003812883018164
2025-10-13 22:00:00,4274.57958984375,0,-0.05286142398428124
2025-10-13 23:00:00,4245.57177734375,0,-0.20267006367610954
2025-10-14 00:00:00,4241.69873046875,0,-0.08162903357733549
2025-10-14 01:00:00,4214.20458984375,0,-0.11831146278118977
2025-10-14 02:00:00,4177.0859375,434909184,-0.14373239193781703
2025-10-14 03:00:00,4159.7998046875,0,-0.06677981427735212
2025-10-14 04:00:00,4104.89501953125,590151680,-0.6681745951352095
2025-10-14 05:00:00,4069.4453125,1386266624,-0.5164452415956015
2025-10-14 06:00:00,4002.839111328125,2190602240,-0.19022815788302933
2025-10-14 07:00:00,3977.860595703125,0,-0.056447589449526464
2025-10-14 08:00:00,4001.567626953125,3658952704,-0.12217060468907705
2025-10-14 09:00:00,3991.806396484375,308412416,-0.05528307517394927
2025-10-14 10:00:00,3944.807373046875,1931370496,-0.08389622799874794
2025-10-14 11:00:00,3975.172607421875,622313472,-0.2547378207206011
2025-10-14 12:00:00,3943.648681640625,0,-0.04883870767545816
2025-10-14 13:00:00,3948.5537109375,0,-0.44032833197748983
2025-10-14 14:00:00,3976.12060546875,671350784,-0.38171466290230754
2025-10-14 15:00:00,4075.05419921875,3130793984,-0.06056737261239189
2025-10-14 16:00:00,4088.48583984375,2355990528,-0.5064449071844008
2025-10-14 17:00:00,4105.22900390625,2099077120,-0.21125830922266253
2025-10-14 18:00:00,4116.2568359375,1164484608,-0.2841326055423171
2025-10-14 19:00:00,4110.5166015625,0,0.467895901989136
2025-10-14 20:00:00,4118.26220703125,717119488,-0.27504578082490183
2025-10-14 21:00:00,4120.322265625,885936128,-0.4572220126434889
2025-10-14 22:00:00,4121.52587890625,0,-0.24767838407134649
2025-10-14 23:00:00,4125.015625,1857245184,-0.06559878231998416
2025-10-15 00:00:00,4121.5986328125,1240621056,-0.5643528305331956
2025-10-15 01:00:00,4117.11962890625,0,-0.6592707450882831
2025-10-15 02:00:00,4120.318359375,0,-0.38159825192262586
2025-10-15 03:00:00,4084.125244140625,1683304448,-0.13717898486115984
2025-10-15 04:00:00,4120.13671875,0,0.1415926803753146
2025-10-15 05:00:00,4109.921875,0,-0.40042546485277125
2025-10-15 06:00:00,4113.96630859375,0,-0.3022617023015802
2025-10-15 07:00:00,4125.13671875,0,-0.12604875249280298
2025-10-15 08:00:00,4183.380859375,1648852992,-0.3815487505396857
2025-10-15 09:00:00,4156.2939453125,362196992,0.7434147498044837
2025-10-15 10:00:00,4122.88916015625,0,-0.014865097768248936
2025-10-15 11:00:00,4103.2685546875,0,0.11884296670130351
2025-10-15 12:00:00,4098.6005859375,0,-0.0778749510863492
2025-10-15 13:00:00,4059.033935546875,0,-0.475123500458268
2025-10-15 14:00:00,4013.06494140625,0,-0.2837403671572773
2025-10-15 15:00:00,3982.94384765625,0,-0.14315856151572565
2025-10-15 16:00:00,3980.18310546875,0,-0.14081294976670888
2025-10-15 17:00:00,3992.580810546875,0,0.12779467995056484
2025-10-15 18:00:00,4013.127685546875,0,0.09377143428468245
2025-10-15 19:00:00,3984.2861328125,0,-0.42204132264899713
2025-10-15 20:00:00,3963.72412109375,0,0.10508320425473078
2025-10-15 21:00:00,3952.3388671875,1607172096,-0.1863861892751089
2025-10-15 22:00:00,3964.322021484375,0,-0.20540109248553998
2025-10-15 23:00:00,3986.3984375,490221568,-0.19935704062111068
2025-10-16 00:00:00,3982.90283203125,0,-0.22665725311580645
2025-10-16 01:00:00,4010.8154296875,0,-0.7412643415077395
2025-10-16 02:00:00,4034.482421875,507895808,-0.07139855776317085
2025-10-16 03:00:00,4021.087646484375,0,-0.18377679102933323
2025-10-16 04:00:00,4004.809814453125,0,-0.33357590839315726
2025-10-16 05:00:00,3996.882080078125,544894976,0.012583905850254838
2025-10-16 06:00:00,4041.2197265625,0,-0.12760976560215828
2025-10-16 07:00:00,4001.2470703125,0,-0.22135751045301594
2025-10-16 08:00:00,3998.071533203125,0,-0.07529066488161551
2025-10-16 09:00:00,4032.219482421875,473075712,-0.3313464560040967
2025-10-16 10:00:00,4050.451904296875,955219968,0.7864065056886491
2025-10-16 11:00:00,4061.8603515625,0,-0.1369845178554061
2025-10-16 12:00:00,4061.6640625,0,-0.04976736715178161
2025-10-16 13:00:00,4021.66259765625,0,-0.7660151084927765
2025-10-16 14:00:00,4018.3662109375,1270759424,-0.012874757977388948
2025-10-16 15:00:00,3900.773193359375,1038000128,-0.040647411960616275
2025-10-16 16:00:00,3950.2333984375,2914123776,0.2745708312392054
2025-10-16 17:00:00,3921.016845703125,217939968,0.27212229611772215
2025-10-16 18:00:00,3900.850830078125,1900601344,-0.020615346100761312
2025-10-16 19:00:00,3871.479736328125,0,0.1943103403065991
2025-10-16 20:00:00,3847.782470703125,0,0.129790960137569
2025-10-16 21:00:00,3880.93994140625,0,-0.23893525063227153
2025-10-16 22:00:00,3866.418212890625,923955200,-0.35968132565379834
2025-10-16 23:00:00,3894.2587890625,252067840,-0.2030816491947573
2025-10-17 00:00:00,3924.6591796875,839888896,-0.5746953448572724
2025-10-17 01:00:00,3918.811279296875,421789696,-0.7490573685890713
2025-10-17 02:00:00,3923.32666015625,0,-0.0259010499541839
2025-10-17 03:00:00,3934.12158203125,135626752,-0.07613960688273633
2025-10-17 04:00:00,3917.208740234375,0,-0.7400867064165679
2025-10-17 05:00:00,3897.240478515625,241205248,-0.03416061475909769
2025-10-17 06:00:00,3823.817626953125,1360306176,0.07197997009128139
2025-10-17 07:00:00,3756.770263671875,2949758976,-0.3097962783836828
2025-10-17 08:00:00,3711.265625,4517519360,-0.03213252390222599
2025-10-17 09:00:00,3731.972900390625,1891151872,-0.42512848970437495
2025-10-17 10:00:00,3723.173095703125,485822464,0.025744750060768772
2025-10-17 11:00:00,3776.476318359375,3189043200,-0.12674516440394804
2025-10-17 12:00:00,3774.39697265625,0,-0.08628143047716104
2025-10-17 13:00:00,3792.322509765625,779395072,0.25495351271709304
2025-10-17 14:00:00,3749.116943359375,514170880,-0.11918075535538855
2025-10-17 15:00:00,3793.94287109375,0,-0.2640299807863093
2025-10-17 16:00:00,3789.14990234375,0,-0.665257754561278
2025-10-17 17:00:00,3817.15283203125,0,-0.0494991284702546
2025-10-17 18:00:00,3832.913818359375,0,-0.4189383908327025
2025-10-17 19:00:00,3832.046630859375,88403968,-0.35782083451558977
2025-10-17 20:00:00,3856.3935546875,0,-0.5292724292854447
2025-10-17 21:00:00,3881.413330078125,2492698624,-0.1758290268900117
2025-10-17 22:00:00,3855.716552734375,0,-0.3392230458194169
2025-10-17 23:00:00,3832.054931640625,0,-0.23413149006509185
2025-10-18 00:00:00,3839.896484375,0,-0.03612724831670309
2025-10-18 01:00:00,3871.84228515625,0,-0.3047720632647928
2025-10-18 02:00:00,3851.8564453125,0,-0.20857096105484843
2025-10-18 03:00:00,3870.9228515625,176492544,0.625148480337891
2025-10-18 04:00:00,3845.52783203125,849928192,-0.048806889829953896
2025-10-18 05:00:00,3869.300048828125,0,-0.1538466586634663
2025-10-18 06:00:00,3874.81640625,0,-0.20966075625694014
2025-10-18 07:00:00,3887.0888671875,0,-0.10741683347886834
2025-10-18 08:00:00,3882.1318359375,0,0.008969668347262566
2025-10-18 09:00:00,3879.270751953125,0,-0.37156473587671907
2025-10-18 10:00:00,3875.547119140625,0,-0.47197789609422647
2025-10-18 11:00:00,3881.768798828125,0,-0.3755755823640972
2025-10-18 12:00:00,3884.68115234375,0,-0.3657627376457792
2025-10-18 13:00:00,3865.72021484375,0,-0.20018717376841202
2025-10-18 14:00:00,3875.1982421875,0,-0.500553513183303
2025-10-18 15:00:00,3878.840576171875,0,-0.427919506276567
2025-10-18 16:00:00,3867.446044921875,0,-0.1961085458821709
2025-10-18 17:00:00,3890.288818359375,0,-0.42033315608833094
2025-10-18 18:00:00,3888.339599609375,0,-0.3994716966599022
2025-10-18 19:00:00,3893.326904296875,0,-0.2016686107920799
2025-10-18 20:00:00,3891.03662109375,0,0.0038728514014725666
2025-10-18 21:00:00,3895.932861328125,0,-0.18873355897572644
2025-10-18 22:00:00,3887.200439453125,0,-0.1378031893073043
2025-10-18 23:00:00,3889.313720703125,676290560,0.01676565904718309
2025-10-19 00:00:00,3870.3232421875,0,-0.0489499168467376
2025-10-19 01:00:00,3874.306396484375,177633280,-0.2648121286061936
2025-10-19 02:00:00,3873.496337890625,0,0.23113538450849433
2025-10-19 03:00:00,3905.444091796875,205012992,-0.8527780221220009
2025-10-19 04:00:00,3902.494873046875,903213056,-0.09858010214102743
2025-10-19 05:00:00,3897.31982421875,0,-0.8360164466124252
2025-10-19 06:00:00,3881.709228515625,144029696,-0.37104816953859104
2025-10-19 07:00:00,3887.497802734375,0,-0.10522659615156603
2025-10-19 08:00:00,3865.230224609375,712751104,-0.15176239350104503
2025-10-19 09:00:00,3917.3095703125,681705472,-0.03512025264456821
2025-10-19 10:00:00,3929.144775390625,2093309952,-0.05633356696504086
2025-10-19 11:00:00,3926.98388671875,0,-0.15322601579431452
2025-10-19 12:00:00,3924.1396484375,1168285696,0.7744490517666986
2025-10-19 13:00:00,3973.778076171875,72255488,-0.040431125736264964
2025-10-19 14:00:00,3991.935546875,1593255936,0.008300817742325186
2025-10-19 15:00:00,3980.513427734375,1351782400,-0.13641372864421378
2025-10-19 16:00:00,3984.65576171875,0,-0.2373645259513902
2025-10-19 17:00:00,3994.07763671875,1101502464,0.06559448576195748
2025-10-19 18:00:00,4002.93017578125,261713920,-0.06782013500787026
2025-10-19 19:00:00,3986.938232421875,634105856,-0.4852047850584903
2025-10-19 20:00:00,4001.995849609375,1052809216,-0.05228033718891575
2025-10-19 21:00:00,3998.5322265625,0,-0.6894437480447327
2025-10-19 22:00:00,4023.26171875,674207744,0.10778861430222116
2025-10-19 23:00:00,3984.1396484375,0,0.03422186122043349
2025-10-20 00:00:00,3942.94091796875,882184192,-0.021738607725405656
2025-10-20 01:00:00,3941.04150390625,1275303936,-0.19671026206169376
2025-10-20 02:00:00,3958.493896484375,28880896,-0.11658266879824025
2025-10-20 03:00:00,4029.8046875,696164352,-0.047426973269933455
2025-10-20 04:00:00,4049.400146484375,100925440,-0.29809011679612707
2025-10-20 05:00:00,4061.733642578125,0,-0.8004931280588999
2025-10-20 06:00:00,4079.137451171875,4221222912,-0.2329058847832189
2025-10-20 07:00:00,4055.55078125,0,0.6182321070946798
2025-10-20 08:00:00,4047.449951171875,0,-0.4479165085721113
2025-10-20 09:00:00,4045.239990234375,0,0.1386168879792097
2025-10-20 10:00:00,4026.938720703125,0,-0.37740589996707413
2025-10-20 11:00:00,4036.2939453125,0,-0.36345480093199184
2025-10-20 12:00:00,4034.993408203125,725766144,0.49260867420251436
2025-10-20 13:00:00,4040.6962890625,0,-0.44610454283201945
2025-10-20 14:00:00,4040.900146484375,0,-0.1954108016001766
2025-10-20 15:00:00,4011.400634765625,0,0.012317785775741366
2025-10-20 16:00:00,3955.037109375,2407958528,-0.1242768828145933
2025-10-20 17:00:00,3951.656005859375,5715779584,0.26409594918363305
2025-10-20 18:00:00,3973.252197265625,210350080,-0.46154025860109743
2025-10-20 19:00:00,3990.828125,0,-0.30478623398779386
2025-10-20 20:00:00,3995.93212890625,287571968,0.09087483510381618
2025-10-20 21:00:00,3976.138427734375,124354560,-0.3258310074802888
2025-10-20 22:00:00,3989.680908203125,0,0.3258588762612045
2025-10-20 23:00:00,3980.681640625,0,0.057917374657280155
2025-10-21 00:00:00,3975.06494140625,0,0.2777759631368277
2025-10-21 01:00:00,3948.083251953125,0,-0.27513749835942913
2025-10-21 02:00:00,3934.187255859375,1042411520,0.38534678070427475
2025-10-21 03:00:00,3924.989990234375,0,0.08139217847631956
2025-10-21 04:00:00,3851.841064453125,1090908160,-0.608068616963537
2025-10-21 05:00:00,3864.382080078125,0,-0.015625539088947083
2025-10-21 06:00:00,3888.756103515625,1394511872,-0.21007387639204614
2025-10-21 07:00:00,3895.13134765625,0,-0.18178230290861516
2025-10-21 08:00:00,3871.4716796875,515727360,0.6377553677375575
2025-10-21 09:00:00,3863.55126953125,0,0.0437817119304985
2025-10-21 10:00:00,3886.40283203125,0,-0.2976191426959417
2025-10-21 11:00:00,3892.85009765625,0,-0.7346817817164291
2025-10-21 12:00:00,3889.614013671875,1345220608,-0.3628727723065801
2025-10-21 13:00:00,3865.50390625,0,-0.6312046213732454
2025-10-21 14:00:00,4010.455322265625,2021957632,0.39335124340187466
2025-10-21 15:00:00,4076.379150390625,3190374400,-0.5575232624502333
2025-10-21 16:00:00,4049.04052734375,0,-0.20656473098733005
2025-10-21 17:00:00,4017.68603515625,2905309184,-0.2622162505089962
2025-10-21 18:00:00,4015.12939453125,2186149888,-0.7410428572372365
2025-10-21 19:00:00,4006.872802734375,0,0.002513306668548661
2025-10-21 20:00:00,3958.8173828125,677711872,-0.3382326286255349
2025-10-21 21:00:00,3950.17578125,1814974464,0.016974543274197146
2025-10-21 22:00:00,3902.07080078125,400711680,0.055970560017019964
2025-10-21 23:00:00,3875.64453125,1186693120,-0.30165164803754896
2025-10-22 00:00:00,3845.657470703125,1434980352,-0.46768974978750116
2025-10-22 01:00:00,3874.443603515625,211628032,0.7337089239058773
2025-10-22 02:00:00,3868.191650390625,0,0.37747138989887913
2025-10-22 03:00:00,3860.0224609375,202756096,0.384196564084708
2025-10-22 04:00:00,3880.961181640625,0,-0.31897127130414177
2025-10-22 05:00:00,3865.232666015625,0,-0.4478648001441578
2025-10-22 06:00:00,3861.5048828125,492740608,-0.7100717014004742
2025-10-22 07:00:00,3874.717041015625,0,0.5985637372063584
2025-10-22 08:00:00,3856.19189453125,427859968,-0.3323940627348137
2025-10-22 09:00:00,3837.60888671875,413982720,-0.833588285322376
2025-10-22 10:00:00,3824.8916015625,0,-0.9695842519149227
2025-10-22 11:00:00,3829.652099609375,590475264,-0.8643145313472135
2025-10-22 12:00:00,3847.87353515625,2048540672,-0.01731123852166533
2025-10-22 13:00:00,3873.487060546875,0,-0.3830336010041514
2025-10-22 14:00:00,3838.373046875,0,0.022734992436568055
2025-10-22 15:00:00,3839.478759765625,176619520,-0.0041468989916950095
2025-10-22 16:00:00,3843.6533203125,0,-0.18038660471131585
2025-10-22 17:00:00,3806.895751953125,0,0.5224090253641005
2025-10-22 18:00:00,3801.382080078125,376475648,-0.33083489726799264
2025-10-22 19:00:00,3790.938720703125,0,-0.392036894588924
2025-10-22 20:00:00,3777.7880859375,362582016,0.3531189156976897
2025-10-22 21:00:00,3745.43798828125,1877897216,-0.4187776807782519
2025-10-22 22:00:00,3753.179931640625,0,-0.052145959115260786
2025-10-22 23:00:00,3807.9228515625,0,-0.21385209499518867
2025-10-23 00:00:00,3816.42529296875,0,-0.30803355598293436
2025-10-23 01:00:00,3822.96240234375,0,-0.006460655649078675
2025-10-23 02:00:00,3825.999755859375,0,-0.17654578197332108
2025-10-23 03:00:00,3827.740234375,531623936,-0.1142301853967603
2025-10-23 04:00:00,3839.029296875,0,-0.8115073904766219
2025-10-23 05:00:00,3849.180419921875,0,-0.06931227802603687
2025-10-23 06:00:00,3891.714111328125,949673984,0.024858178095658445
2025-10-23 07:00:00,3882.191162109375,126038016,-0.19709608190638003
2025-10-23 08:00:00,3888.408447265625,134754304,-0.5409127010190612
2025-10-23 09:00:00,3889.581298828125,0,0.5271257681909803
2025-10-23 10:00:00,3879.868408203125,568008704,-0.8212756692072879
2025-10-23 11:00:00,3865.379150390625,0,0.18764929056204913
2025-10-23 12:00:00,3847.218994140625,702640128,-0.07222685297950603
2025-10-23 13:00:00,3848.21337890625,805388288,-0.6680045772761875
2025-10-23 14:00:00,3846.1328125,0,-0.15681702014252194
2025-10-23 15:00:00,3880.73388671875,0,-0.25271204971835376
2025-10-23 16:00:00,3918.541015625,0,-0.617058644532737
2025-10-23 17:00:00,3921.4755859375,0,-0.5814376156225767
2025-10-23 18:00:00,3872.552978515625,1591832576,0.02086814879652043
2025-10-23 19:00:00,3861.78857421875,385990656,0.2390800039987896
2025-10-23 20:00:00,3825.923583984375,0,-0.41598495799814483
2025-10-23 21:00:00,3830.116455078125,0,-0.5731435649889931
2025-10-23 22:00:00,3853.216064453125,232316928,-0.08218636651945489
2025-10-23 23:00:00,3856.590087890625,0,0.03185995290499608
2025-10-24 00:00:00,3871.899658203125,0,-0.15672233631116603
2025-10-24 01:00:00,3882.678466796875,459976704,0.4468803825788479
2025-10-24 02:00:00,3893.66259765625,0,-0.09428731777572201
2025-10-24 03:00:00,3892.102783203125,0,-0.07371517552326337
2025-10-24 04:00:00,3974.389404296875,1646841856,0.07941561643043535
2025-10-24 05:00:00,3974.1259765625,255737856,0.36807323374164896
2025-10-24 06:00:00,3986.44091796875,0,-0.060952379597694506
2025-10-24 07:00:00,3949.83447265625,939282432,0.2995363507376604
2025-10-24 08:00:00,3953.80419921875,0,-0.04896339581295201
2025-10-24 09:00:00,3957.97607421875,676102144,-0.9345282550276505
2025-10-24 10:00:00,3957.938232421875,0,-0.023832213977540463
2025-10-24 11:00:00,3946.091796875,0,-0.6035781499125997
2025-10-24 12:00:00,3965.16064453125,925335552,0.3415061960846822
2025-10-24 13:00:00,3944.710693359375,588439552,-0.07819967088562808
2025-10-24 14:00:00,3903.999755859375,0,-0.14670111725803803
2025-10-24 15:00:00,3887.985107421875,735977472,-0.5209601521021483
2025-10-24 16:00:00,3886.486083984375,0,-0.4769488595357213
2025-10-24 17:00:00,3891.283935546875,0,-0.4507206115056769
2025-10-24 18:00:00,3913.2236328125,0,-0.2207915544093237
2025-10-24 19:00:00,3930.730224609375,453615616,-0.3985209526374865
2025-10-24 20:00:00,3938.538330078125,0,0.09789861594823801
2025-10-24 21:00:00,3943.424072265625,0,-0.32474854886521554
2025-10-24 22:00:00,3937.739990234375,234610688,-0.18271539834079684
2025-10-24 23:00:00,3933.849609375,0,-0.30546570689883673
2025-10-25 00:00:00,3917.661865234375,0,-0.004313684689774338
2025-10-25 01:00:00,3932.008056640625,0,-0.33187412069882
2025-10-25 02:00:00,3935.509521484375,452098048,-0.10300334663503383
2025-10-25 03:00:00,3923.227783203125,0,-0.41621366899822526
2025-10-25 04:00:00,3925.285400390625,0,-0.41161731123638884
2025-10-25 05:00:00,3930.972900390625,0,0.0764497539568888
2025-10-25 06:00:00,3930.2890625,219422720,-0.0008267875659289751
2025-10-25 07:00:00,3929.38623046875,0,-0.4924215880670982
2025-10-25 08:00:00,3953.049560546875,0,0.28184008584116754
2025-10-25 09:00:00,3943.35107421875,0,-0.5005688213014378
2025-10-25 10:00:00,3943.9697265625,0,-0.23841989952127252
2025-10-25 11:00:00,3942.275634765625,73564160,0.027944832447532767
2025-10-25 12:00:00,3953.38671875,0,-0.16584125672322184
2025-10-25 13:00:00,3943.755859375,0,0.04726991515312644
2025-10-25 14:00:00,3938.564453125,0,0.42933697813777266
2025-10-25 15:00:00,3932.770263671875,0,0.09120900251480449
2025-10-25 16:00:00,3933.208740234375,4561016832,-0.08785977422847037
2025-10-25 17:00:00,3935.12060546875,0,0.21323238512127612
2025-10-25 18:00:00,3957.169189453125,0,0.20806626616281115
2025-10-25 19:00:00,3957.267578125,191319040,-0.49083982881970056
2025-10-25 20:00:00,3950.6650390625,0,-0.6592842634700592
2025-10-25 21:00:00,3951.76806640625,0,-0.14221653500895612
2025-10-25 22:00:00,3964.139404296875,0,0.004050696828132301
2025-10-25 23:00:00,3953.93310546875,554481664,0.04336096715929019
2025-10-26 00:00:00,3951.9423828125,0,0.07471904296658664
2025-10-26 01:00:00,3932.5283203125,882105344,-0.15999268516537613
2025-10-26 02:00:00,3930.649658203125,247841792,-0.7940316755392725
2025-10-26 03:00:00,3930.213134765625,0,-0.22235654321325593
2025-10-26 04:00:00,3940.391357421875,0,-0.22975709659591048
2025-10-26 05:00:00,3944.61865234375,0,-0.14064501391485135
2025-10-26 06:00:00,3944.913818359375,0,0.08592439161314178
2025-10-26 07:00:00,3951.6923828125,0,-0.19640322819606676
2025-10-26 08:00:00,3959.87451171875,785308672,-0.0670941274740328
2025-10-26 09:00:00,3986.047607421875,445431808,0.030303010881550397
2025-10-26 10:00:00,3984.21533203125,1354009600,0.33333300000033333
2025-10-26 11:00:00,4042.337646484375,1080177664,0.9111102425934429
2025-10-26 12:00:00,4075.40283203125,2026917888,-0.41616644802793906
2025-10-26 13:00:00,4083.60400390625,1505112064,0.2769838243378204
2025-10-26 14:00:00,4068.016357421875,878395392,0.17078535817105617
2025-10-26 15:00:00,4074.94482421875,0,0.07921345442528867
2025-10-26 16:00:00,4055.320068359375,1832841216,-0.5701745130044852
2025-10-26 17:00:00,4061.39599609375,473081856,-0.07744189096750453
2025-10-26 18:00:00,4072.52490234375,8437760,-0.5691017655637931
2025-10-26 19:00:00,4066.576904296875,0,0.07446439067488325
2025-10-26 20:00:00,4065.94482421875,310951936,0.006816839865320904
2025-10-26 21:00:00,4080.3330078125,388182016,0.03310976140288994
2025-10-26 22:00:00,4162.23486328125,2244265984,-0.04754248859198886
2025-10-26 23:00:00,4159.05224609375,2182164480,-0.02038242104823412
2025-10-27 00:00:00,4173.220703125,874924032,0.008086638655483985
2025-10-27 01:00:00,4192.46875,1807763456,-0.12662695499916907
2025-10-27 02:00:00,4205.38037109375,1259878400,0.1534277105395758
2025-10-27 03:00:00,4204.732421875,0,0.03610804449670582
2025-10-27 04:00:00,4214.39990234375,1744572416,-0.6474035746368887
2025-10-27 05:00:00,4235.30615234375,804204544,-0.26418167680993776
2025-10-27 06:00:00,4237.99609375,964161536,-0.40011195053107973
2025-10-27 07:00:00,4201.58935546875,1312018432,0.5804181685638484
2025-10-27 08:00:00,4167.208984375,1679732736,-0.05811251350871508
2025-10-27 09:00:00,4159.744140625,672006144,-0.7297707281399743
2025-10-27 10:00:00,4166.4287109375,0,0.18286107390905937
2025-10-27 11:00:00,4160.78173828125,0,0.050997074821543475
2025-10-27 12:00:00,4145.4736328125,0,-0.1277117082174239
2025-10-27 13:00:00,4177.3466796875,100556800,-0.20369401138640975
2025-10-27 14:00:00,4149.7060546875,1276616704,0.025624289947293502
2025-10-27 15:00:00,4173.80615234375,0,-0.19983601409744936
2025-10-27 16:00:00,4214.2900390625,0,-0.11553492163229082
2025-10-27 17:00:00,4221.9970703125,2971328512,-0.21166254310997437
2025-10-27 18:00:00,4216.5283203125,0,0.06821155724800083
2025-10-27 19:00:00,4198.751953125,0,0.06741628768932802
2025-10-27 20:00:00,4132.85595703125,2403495936,0.2338428016200673
2025-10-27 21:00:00,4123.521484375,1584242688,-0.051113111039232266
2025-10-27 22:00:00,4121.3828125,0,0.0406426129249314
2025-10-27 23:00:00,4120.76220703125,473899008,0.054888401658670725
2025-10-28 00:00:00,4114.2734375,0,0.012980468636714568
2025-10-28 01:00:00,4137.5419921875,0,0.07667767244928536
2025-10-28 02:00:00,4114.3681640625,0,-0.27614644927741877
2025-10-28 14:00:00,4117.91650390625,0,-0.041932550019123285
2025-10-28 15:00:00,4096.6904296875,3011053568,0.09003497108893019
2025-10-28 16:00:00,4136.05322265625,39514112,0.09046935672580848
2025-10-28 17:00:00,4140.3623046875,683671552,-0.02224649975210113
2025-10-28 18:00:00,4112.25927734375,0,-0.16888630340972857
2025-10-28 19:00:00,4037.332275390625,1557569536,-0.04714448945439965
2025-10-28 20:00:00,3983.831298828125,3087601664,0.08924090592613404
2025-10-28 21:00:00,3985.0166015625,0,0.0552480070518172
2025-10-28 22:00:00,3996.514892578125,1072828416,0.04746638288646333
2025-10-28 23:00:00,3983.309326171875,725028864,-0.04020887048938887
2025-10-29 00:00:00,3977.175537109375,739233792,0.1407572475626792
2025-10-29 01:00:00,3987.258544921875,0,0.13180728998130248
2025-10-29 02:00:00,4004.26611328125,0,0.15683114317819866
2025-10-29 03:00:00,3998.709716796875,0,0.014007483782389897
2025-10-29 04:00:00,4015.853515625,802967552,0.17815278499317314
2025-10-29 05:00:00,4029.145263671875,0,0.2953053462210868
2025-10-29 06:00:00,4026.980224609375,615788544,-0.13691539726315996
2025-10-29 07:00:00,4025.2666015625,0,0.14709560239609323
2025-10-29 08:00:00,4007.660888671875,0,0.033050666679362996
2025-10-29 09:00:00,3999.82080078125,1517137920,-0.07646496468311116
2025-10-29 10:00:00,3993.1748046875,0,0.10602746974362266
2025-10-29 11:00:00,4013.831298828125,1063624704,0.07440740153170089
2025-10-29 12:00:00,4014.908935546875,0,0.05458893844348008
2025-10-29 13:00:00,3995.384033203125,0,-0.09804726340031558
2025-10-29 14:00:00,3984.6640625,0,0.1700587741625783
2025-10-29 15:00:00,3951.52294921875,0,0.07938627812286114
2025-10-29 16:00:00,3962.061767578125,955621376,0.0854865217249908
2025-10-29 17:00:00,4004.189208984375,709677056,-0.005128803865347502
2025-10-29 18:00:00,3932.01513671875,4682518528,-0.06617439375571464
2025-10-29 19:00:00,3919.483154296875,99790848,0.09100420123678121
2025-10-29 20:00:00,3950.333740234375,0,0.09066378207712171
2025-10-29 21:00:00,3955.43115234375,0,-0.007432599061719402
2025-10-29 22:00:00,3940.56103515625,0,0.06710935142278196
2025-10-29 23:00:00,3900.732666015625,0,-0.21139434215000877
2025-10-30 00:00:00,3922.44921875,217686016,-0.041930365024215877
2025-10-30 01:00:00,3930.337158203125,1647538176,-0.2851622250327414
2025-10-30 02:00:00,3946.2724609375,0,-0.20961708091473086
2025-10-30 03:00:00,3932.51416015625,1264918528,-0.0841976087214623
2025-10-30 04:00:00,3885.909423828125,2456944640,-0.19181275552370772
2025-10-30 05:00:00,3920.6220703125,390430720,0.005300171142422411
2025-10-30 06:00:00,3918.732421875,1616211968,0.2622651106493105
2025-10-30 07:00:00,3938.55419921875,353366016,0.031942739099085835
2025-10-30 08:00:00,3921.33447265625,0,0.11774829743386342
2025-10-30 09:00:00,3901.403076171875,1369346048,0.1878356773006298
2025-10-30 10:00:00,3893.03857421875,1306648576,-0.19404273476228687
2025-10-30 11:00:00,3884.29931640625,0,-0.07726543142487399
2025-10-30 12:00:00,3817.34716796875,1756057600,-0.12880356244294472
2025-10-30 13:00:00,3776.612548828125,1592012800,-0.21387695609169768
2025-10-30 14:00:00,3804.497314453125,1157398528,0.02055174420730962
2025-10-30 15:00:00,3773.662109375,0,-0.06264166903307758
2025-10-30 16:00:00,3778.37451171875,0,-0.05548058389334648
2025-10-30 17:00:00,3766.479248046875,1260257280,0.0013736980938301691
2025-10-30 18:00:00,3722.87890625,0,-0.2826469868756138
2025-10-30 19:00:00,3697.20849609375,0,-0.11767745623089883
2025-10-30 20:00:00,3753.60888671875,1782280192,0.02465227933083004
2025-10-30 21:00:00,3771.077392578125,1154285568,-0.0563860967191532
2025-10-30 22:00:00,3781.726318359375,0,-0.012723110941114961
2025-10-30 23:00:00,3802.470703125,0,-0.09025057994819494
2025-10-31 00:00:00,3834.486083984375,0,-0.10047915357874863
2025-10-31 01:00:00,3844.2265625,447156224,0.018720578142769128
2025-10-31 02:00:00,3819.152099609375,371351552,-0.18112318466698002
2025-10-31 03:00:00,3826.723876953125,864366592,-0.18811671687649767
2025-10-31 04:00:00,3864.265625,0,0.09617607612274935
2025-10-31 05:00:00,3849.47265625,0,0.010283587420147207
2025-10-31 06:00:00,3827.734130859375,2109440,0.10979921609927269
2025-10-31 07:00:00,3830.000732421875,0,-0.14295513133849208
2025-10-31 08:00:00,3850.359619140625,0,-0.06791802994326523
2025-10-31 09:00:00,3841.526611328125,1080197120,0.016710374767470396
2025-10-31 10:00:00,3834.01904296875,0,-0.19298502297865827
2025-10-31 11:00:00,3876.438720703125,0,-0.22136131529319764
2025-10-31 12:00:00,3837.739013671875,0,-0.023503723755349173
2025-10-31 13:00:00,3856.013427734375,0,-0.16305691905155303
2025-10-31 14:00:00,3867.89453125,1121390592,-0.12852490727086974
2025-10-31 15:00:00,3860.70068359375,1603670016,-0.1910022561737844
2025-10-31 16:00:00,3816.763671875,309510144,-0.15265892303408957
2025-10-31 17:00:00,3825.093994140625,0,0.0008199618455244421
2025-10-31 18:00:00,3848.00244140625,0,-0.16105426730359726
2025-10-31 19:00:00,3888.06103515625,0,-0.19125667742308955
2025-10-31 20:00:00,3859.50830078125,0,-0.09609330864895249
2025-10-31 21:00:00,3859.4501953125,790335488,0.10485769931736537
2025-10-31 22:00:00,3856.044921875,0,0.08412722087662462
2025-10-31 23:00:00,3847.283935546875,0,-0.05746117955674888
2025-11-01 00:00:00,3846.476318359375,0,-0.11547470477478228
2025-11-01 01:00:00,3843.00341796875,448651264,0.1110612071905674
2025-11-01 02:00:00,3851.7783203125,0,-0.2946874102511727
2025-11-01 03:00:00,3859.515380859375,0,-0.14639451433236475
2025-11-01 04:00:00,3864.367919921875,0,-0.32833019971709065
2025-11-01 05:00:00,3853.19384765625,0,-0.05689697418908431
2025-11-01 06:00:00,3856.294677734375,0,-0.05230260562887051
2025-11-01 07:00:00,3859.033203125,0,-0.10835619327221971
2025-11-01 08:00:00,3875.1982421875,0,0.022566113891778216
2025-11-01 09:00:00,3873.739501953125,0,-0.1720344090451697
2025-11-01 10:00:00,3874.005615234375,0,-0.1376767110680563
2025-11-01 11:00:00,3874.35791015625,0,-0.10148927438096678
2025-11-01 12:00:00,3875.21484375,0,-0.20474798569627434
2025-11-01 13:00:00,3868.27197265625,0,-0.20050905568391988
2025-11-01 14:00:00,3869.662353515625,0,0.07872972848980882
2025-11-01 15:00:00,3892.53076171875,0,-0.16996087427173914
2025-11-01 16:00:00,3895.214599609375,0,-0.24504973824558224
2025-11-01 17:00:00,3868.47412109375,0,-0.04912736577930688
2025-11-01 18:00:00,3882.388916015625,681715712,-0.11349147070039839
2025-11-01 19:00:00,3882.704345703125,0,-0.024287335857179602
2025-11-01 20:00:00,3884.897705078125,20983808,0.009439073132331718
2025-11-01 21:00:00,3868.840087890625,0,-0.06478042864191708
2025-11-01 22:00:00,3873.080078125,740330496,-0.19475404715466993
2025-11-01 23:00:00,3875.30029296875,0,-0.17111990102560298
2025-11-02 00:00:00,3864.8125,0,-0.3399276346738367
2025-11-02 01:00:00,3869.195556640625,0,-0.31429266332715444
2025-11-02 02:00:00,3879.767333984375,0,-0.1671647531262964
2025-11-02 03:00:00,3879.079833984375,642666496,0.07809638438435572
2025-11-02 04:00:00,3905.73046875,0,-0.023806882805089656
2025-11-02 05:00:00,3901.509765625,2476157952,-0.0005744475607055932
2025-11-02 06:00:00,3901.6044921875,0,-0.15238094679365036
2025-11-02 07:00:00,3906.432861328125,0,-0.22420632208601415
2025-11-02 08:00:00,3893.3095703125,1242948608,-0.11854309612226532
2025-11-02 09:00:00,3872.55517578125,0,-0.15229762272789937
2025-11-02 10:00:00,3859.780029296875,1310408704,0.18407946590933968
2025-11-02 11:00:00,3893.71630859375,1171740672,0.28571419982995994
2025-11-02 12:00:00,3875.378173828125,0,-0.03584972150537032
2025-11-02 13:00:00,3867.36474609375,952238080,0.15984330665173316
2025-11-02 14:00:00,3852.437744140625,315084800,-0.2504115893086675
2025-11-02 15:00:00,3854.30810546875,0,-0.22049006634545024
2025-11-02 16:00:00,3863.435791015625,394553344,-0.33872485280677506
2025-11-02 17:00:00,3856.595703125,446965760,-0.19385024919937024
2025-11-02 18:00:00,3863.703125,0,0.0620057305632165
2025-11-02 19:00:00,3854.608642578125,0,-0.2192495256001285
2025-11-02 20:00:00,3858.269775390625,0,-0.3304022210278709
2025-11-02 21:00:00,3862.642822265625,918437888,-0.10583269562721319
2025-11-02 22:00:00,3851.144287109375,0,0.02134264038701267
2025-11-02 23:00:00,3913.325927734375,1101232128,0.014069910371658813
2025-11-03 00:00:00,3867.222412109375,511676416,-0.08979522541098856
2025-11-03 01:00:00,3837.2275390625,2328920064,-0.14682178660246797
2025-11-03 02:00:00,3798.325439453125,1465393152,0.1389162857105372
2025-11-03 03:00:00,3736.251220703125,2609754112,-0.2537193145959864
2025-11-03 04:00:00,3744.332275390625,2068985856,-0.13199238579968173
2025-11-03 05:00:00,3730.635986328125,0,0.004766260211011397
2025-11-03 06:00:00,3716.34375,1547118592,-0.24093080431444303
2025-11-03 07:00:00,3716.040283203125,1609549824,-0.29716049491467417
2025-11-03 08:00:00,3712.57177734375,2023936000,-0.1353433469601148
2025-11-03 09:00:00,3699.886474609375,0,-0.6111109490741312
2025-11-03 10:00:00,3694.179931640625,128813056,-0.7499995416670139
2025-11-03 11:00:00,3710.9306640625,499777536,-0.2435450431414008
2025-11-03 12:00:00,3709.408447265625,0,-0.24393027426086117
2025-11-03 13:00:00,3719.35009765625,1445343232,-0.19275155818881018
2025-11-03 14:00:00,3730.89794921875,1004933120,-0.16692407635321707
2025-11-03 15:00:00,3595.17236328125,6201737216,-0.18450234721666436
2025-11-03 16:00:00,3622.400634765625,2500009984,-0.15273178564420872
2025-11-03 17:00:00,3666.619140625,2123792384,-0.09945218148057733
2025-11-03 18:00:00,3634.034912109375,923602944,-0.19043602911016458
2025-11-03 19:00:00,3636.433837890625,1005957120,-0.20847534126052916
2025-11-03 20:00:00,3570.228271484375,1124360192,-0.2956740843084677
2025-11-03 21:00:00,3595.64111328125,1453113344,-0.09991659946265581
2025-11-03 22:00:00,3588.8671875,1844170752,-0.12568035590325663
2025-11-03 23:00:00,3603.733154296875,0,-0.24806339028700833
2025-11-04 00:00:00,3613.873779296875,296431616,-0.08133725085810681
2025-11-04 01:00:00,3643.8623046875,0,-0.1533829323642063
2025-11-04 02:00:00,3628.216796875,0,-0.1783383688250838
2025-11-04 03:00:00,3644.5517578125,0,-0.0701945983445515
2025-11-04 04:00:00,3624.9072265625,0,0.0634648508775978
2025-11-04 05:00:00,3495.6318359375,2953773056,0.0918448429816973
2025-11-04 06:00:00,3505.156005859375,1978138624,0.021137906284294683
2025-11-04 07:00:00,3491.6337890625,1954959360,-0.10751545471697674
2025-11-04 08:00:00,3492.3544921875,293064704,-0.1321338859001801
2025-11-04 09:00:00,3490.321044921875,0,-0.16398873348876478
2025-11-04 10:00:00,3481.20947265625,0,-0.24003037028557225
2025-11-04 11:00:00,3520.77783203125,0,-0.30624314027978294
2025-11-04 12:00:00,3509.623779296875,1623498752,-0.11072029920919053
2025-11-04 13:00:00,3508.7333984375,1187553280,-0.07735537019645362
2025-11-04 14:00:00,3550.884765625,0,-0.01210498358846362
2025-11-04 15:00:00,3509.26123046875,0,-0.13060948678284914
2025-11-04 16:00:00,3430.169921875,0,-0.0916463069403234
2025-11-04 17:00:00,3365.7353515625,2198650880,-0.00031084272822716306
2025-11-04 18:00:00,3311.585693359375,3207184384,-0.2023012993119428
2025-11-04 19:00:00,3229.2294921875,1771851776,-0.19030068339257686
2025-11-04 20:00:00,3191.137451171875,5110239232,-0.14955673541852252
2025-11-04 21:00:00,3192.614013671875,41058304,-0.24622838044189144
2025-11-04 22:00:00,3230.855224609375,6989623296,-0.14817109527518474
2025-11-04 23:00:00,3290.733642578125,3285204992,-0.2203693301875496
2025-11-05 00:00:00,3243.5107421875,0,-0.07562605980291648
2025-11-05 01:00:00,3249.018798828125,936665088,-0.33318145463953514
2025-11-05 02:00:00,3323.84423828125,388980736,-0.30981206102253955
2025-11-05 03:00:00,3338.155517578125,4053344256,-0.4147924356828117
2025-11-05 04:00:00,3328.085205078125,2121433088,-0.11615135941102932
2025-11-05 05:00:00,3326.207275390625,0,-0.4816696597324697
2025-11-05 06:00:00,3333.302490234375,0,-0.1656655268695123
2025-11-05 07:00:00,3333.4599609375,0,-0.3373647761520755
2025-11-05 08:00:00,3302.252197265625,0,-0.153295287454825
2025-11-05 09:00:00,3308.3125,361250816,-0.012689935232342265
2025-11-05 10:00:00,3279.635009765625,0,-0.4889793032776482
2025-11-05 11:00:00,3320.062744140625,0,-0.10411502508161945
2025-11-05 12:00:00,3341.975830078125,293421056,-0.5630533959269814
2025-11-05 13:00:00,3361.716796875,0,-0.41648462753314086
2025-11-05 14:00:00,3346.173095703125,0,-0.23290217297541452
2025-11-05 15:00:00,3395.467041015625,1074380800,-0.160916493168351
2025-11-05 16:00:00,3429.08203125,0,0.08862743263542837
2025-11-05 17:00:00,3434.059326171875,0,-0.06902842237407389
2025-11-05 18:00:00,3467.344482421875,0,-0.22926234217815689
2025-11-05 19:00:00,3455.6884765625,0,-0.08482530773483833
2025-11-05 20:00:00,3443.884521484375,0,0.08310461781424229
2025-11-05 21:00:00,3445.18701171875,0,-0.12741506292546415
2025-11-05 22:00:00,3426.4775390625,0,-0.20935302775294315
2025-11-05 23:00:00,3426.26171875,0,-0.18190396686926544
2025-11-06 00:00:00,3407.18359375,0,-0.009964545995308566
2025-11-06 01:00:00,3406.969970703125,0,-0.09038467281303904
2025-11-06 02:00:00,3424.89013671875,0,-0.1394719866099323
2025-11-06 03:00:00,3435.755859375,0,-0.10383618905018495
2025-11-06 04:00:00,3451.134033203125,0,-0.05006859075529508
2025-11-06 05:00:00,3385.95947265625,124178432,-0.08106976147007251
2025-11-06 06:00:00,3388.539306640625,130732032,-0.015169175786156064
2025-11-06 07:00:00,3383.316162109375,30203904,-0.22951367914100027
2025-11-06 08:00:00,3385.916015625,0,-0.0456142203977502
2025-11-06 09:00:00,3385.931640625,290643968,-0.012302152419085742
2025-11-06 10:00:00,3393.564697265625,0,-0.185231926018955
2025-11-06 11:00:00,3399.187255859375,0,0.10818484451542996
2025-11-06 12:00:00,3353.165283203125,0,-0.02865591552554039
2025-11-06 13:00:00,3395.242431640625,0,0.048255538917633845
2025-11-06 14:00:00,3325.143310546875,0,0.0617067660516092
2025-11-06 15:00:00,3296.601318359375,994037760,-0.0927894368680149
2025-11-06 16:00:00,3276.97021484375,58408960,-0.08169690107532411
2025-11-06 17:00:00,3328.898193359375,239534080,0.0016030117978802477
2025-11-06 18:00:00,3326.644287109375,278200320,-0.15585431157772073
2025-11-06 19:00:00,3327.221435546875,0,0.09982122524150286
2025-11-06 20:00:00,3299.549560546875,68259840,-0.13468299550631804
2025-11-06 21:00:00,3326.412109375,0,0.01931016758938209
2025-11-06 22:00:00,3317.8515625,670834688,-0.07439662158135626
2025-11-06 23:00:00,3312.06591796875,0,-0.12716005136771605
2025-11-07 00:00:00,3324.57568359375,152879104,-0.08737586460729056
2025-11-07 01:00:00,3318.777099609375,971534336,-0.3092880450982589
2025-11-07 02:00:00,3343.28662109375,0,-0.10411779010048647
2025-11-07 03:00:00,3344.905029296875,216403968,0.04780433358895104
2025-11-07 04:00:00,3334.31396484375,904740864,-0.14726647545813037
2025-11-07 05:00:00,3364.84716796875,0,-0.10532598273707391
2025-11-07 06:00:00,3347.6513671875,0,0.020971801035692173
2025-11-07 07:00:00,3355.695556640625,722567168,-0.2622017371437083
2025-11-07 08:00:00,3338.078125,0,-0.013635707381021189
2025-11-07 09:00:00,3297.3671875,301424640,-0.28956044936149383
2025-11-07 10:00:00,3277.983154296875,0,-0.04524750647450623
2025-11-07 11:00:00,3259.854248046875,652636160,-0.1253445406682666
2025-11-07 12:00:00,3219.33349609375,1070002176,-0.3118817521650805
2025-11-07 13:00:00,3236.01953125,882024448,-0.03412088222035018
2025-11-07 14:00:00,3288.4697265625,602980352,-0.136936256889612
2025-11-07 15:00:00,3299.50927734375,921165824,-0.007456420927170952
2025-11-07 16:00:00,3296.201904296875,0,-0.2355324385418812
2025-11-07 17:00:00,3381.328857421875,0,-0.06444160942775269
2025-11-07 18:00:00,3426.135986328125,3294797824,-0.007859406651709765
2025-11-07 19:00:00,3439.323486328125,0,-0.09070001637383979
2025-11-07 20:00:00,3466.880859375,0,-0.12153378397952115
2025-11-07 21:00:00,3466.58203125,817115136,-0.22816210161497233
2025-11-07 22:00:00,3446.62841796875,546918400,-0.07346516041102191
2025-11-07 23:00:00,3434.73876953125,9105408,-0.1643242864878469
2025-11-08 00:00:00,3424.11376953125,0,-0.3129835169203006
2025-11-08 01:00:00,3432.053466796875,0,-0.38010149012404293
2025-11-08 02:00:00,3441.741943359375,0,-0.32047753578274085
2025-11-08 03:00:00,3456.8759765625,0,-0.08528803411183286
2025-11-08 04:00:00,3458.97802734375,1107722240,-0.3915704562496035
2025-11-08 05:00:00,3433.501953125,0,-0.22254047964496118
2025-11-08 06:00:00,3442.48095703125,1292304384,-0.11597386539368458
2025-11-08 07:00:00,3446.47412109375,0,-0.19101100814398883
2025-11-08 08:00:00,3455.675537109375,78217216,0.007959309851908387
2025-11-08 09:00:00,3439.528076171875,213721088,-0.2549451209822133
2025-11-08 10:00:00,3446.245361328125,0,-0.2934536574836108
2025-11-08 11:00:00,3411.599609375,0,-0.190522109333334
2025-11-08 12:00:00,3406.812744140625,0,-0.2710021741249575
2025-11-08 13:00:00,3401.460693359375,464666624,-0.18116287991366256
2025-11-08 14:00:00,3399.92529296875,0,-0.27659430768229853
2025-11-08 15:00:00,3375.08203125,0,-0.23596905463063098
2025-11-08 16:00:00,3361.808349609375,0,-0.1505236636211351
2025-11-08 17:00:00,3397.443603515625,0,-0.18965145795994306
2025-11-08 18:00:00,3403.709716796875,0,-0.0037364326738092333
2025-11-08 19:00:00,3387.519775390625,0,-0.10006180611322398
2025-11-08 20:00:00,3398.392822265625,0,0.030097261755834524
2025-11-08 21:00:00,3405.580078125,0,-0.06250502053652596
2025-11-08 22:00:00,3407.80419921875,0,0.04793100768663414
2025-11-08 23:00:00,3400.5068359375,0,-0.017966596314497426
2025-11-09 00:00:00,3382.023193359375,355911680,-0.045300315929790745
2025-11-09 01:00:00,3398.75439453125,0,0.08321867172535927
2025-11-09 02:00:00,3367.342041015625,0,-0.11731382615150379
2025-11-09 03:00:00,3374.71630859375,0,-0.08811540741533794
2025-11-09 04:00:00,3373.442626953125,214192128,-0.5567720488937401
2025-11-09 05:00:00,3403.564453125,0,-0.14327474021799047
2025-11-09 06:00:00,3402.878173828125,0,-0.07518789346599128
2025-11-09 07:00:00,3419.8525390625,0,0.07142857936507466
2025-11-09 08:00:00,3416.322021484375,449966080,-0.16836040252786358
2025-11-09 09:00:00,3402.466796875,0,-0.2424240723142164
2025-11-09 10:00:00,3397.910400390625,366516224,0.18314355386087025
2025-11-09 11:00:00,3425.9326171875,1031604224,0.04861091482469887
2025-11-09 12:00:00,3441.387939453125,0,0.11397057107071332
2025-11-09 13:00:00,3458.255126953125,4182016,-0.19408271359273305
2025-11-09 14:00:00,3507.7294921875,2032150528,-0.24679113724937804
2025-11-09 15:00:00,3515.8251953125,1661722624,-0.2146041144241532
2025-11-09 16:00:00,3527.665771484375,0,-0.23040075168544652
2025-11-09 17:00:00,3515.12841796875,692809728,-0.28749731381745286
2025-11-09 18:00:00,3541.388671875,0,-0.14031181030874368
2025-11-09 19:00:00,3576.349365234375,611442688,-0.13730993074750167
2025-11-09 20:00:00,3577.31689453125,719257600,-0.06033387115346875
2025-11-09 21:00:00,3577.788330078125,1160316928,0.20053589785590387
2025-11-09 22:00:00,3588.640625,397334528,-0.22697327619902408
2025-11-09 23:00:00,3582.104736328125,578226176,0.029012351978487637
2025-11-10 00:00:00,3643.124755859375,685432832,0.1485671547434063
2025-11-10 01:00:00,3630.012939453125,2994995200,0.1378677869609052
2025-11-10 02:00:00,3623.3330078125,269742080,-0.15790828742623067
2025-11-10 03:00:00,3628.20068359375,1259276288,0.0012631146436525682
2025-11-10 04:00:00,3618.394775390625,508350464,-0.32248652827530705
2025-11-10 05:00:00,3603.594482421875,0,-0.17097467032482985
2025-11-10 06:00:00,3606.459228515625,897875968,0.33333300000033333
2025-11-10 07:00:00,3607.684814453125,0,-0.47880506008675516
2025-11-10 08:00:00,3592.38330078125,1355296768,0.012452610643679777
2025-11-10 09:00:00,3622.248779296875,162705408,-0.22202296314639064
2025-11-10 10:00:00,3605.629638671875,0,-0.5046566221853331
2025-11-10 11:00:00,3610.255859375,0,-0.13473658335397679
2025-11-10 12:00:00,3590.891357421875,211681280,-0.12767428772531406
2025-11-10 13:00:00,3616.864013671875,0,0.3672523938497695
2025-11-10 14:00:00,3543.414794921875,0,-0.001053707356753323
2025-11-10 15:00:00,3515.566650390625,1303775232,-0.1344274950797109
2025-11-10 16:00:00,3530.30859375,996681728,-0.4893399548147755
2025-11-10 17:00:00,3547.1953125,1527734272,-0.029179275483466462
2025-11-10 18:00:00,3538.4873046875,257249280,-0.18964748628757225
2025-11-10 19:00:00,3558.46728515625,118026240,-0.033751243366589315
2025-11-10 20:00:00,3566.732421875,428924928,0.12812229598296387
2025-11-10 21:00:00,3538.114501953125,0,-0.15888360370050988
2025-11-10 22:00:00,3575.3173828125,751341568,-0.43093955311715426
2025-11-10 23:00:00,3568.891357421875,0,0.28071309900019
2025-11-11 00:00:00,3587.0625,0,0.10579418823133074
2025-11-11 01:00:00,3577.85205078125,0,-0.17365754154105345
2025-11-11 02:00:00,3611.311279296875,487843840,-0.4862561126104244
2025-11-11 03:00:00,3605.49267578125,920604672,0.4870332342779604
2025-11-11 04:00:00,3573.427001953125,0,0.37958185360500785
2025-11-11 05:00:00,3551.2080078125,977772544,-0.3476071071758828
2025-11-11 06:00:00,3556.13427734375,2210754560,0.6021841588639517
2025-11-11 07:00:00,3547.294189453125,0,0.04287088524520577
2025-11-11 08:00:00,3562.25732421875,0,-0.026803029803411087
2025-11-11 09:00:00,3554.192138671875,169091072,0.088871778204337
2025-11-11 10:00:00,3557.636474609375,1145307136,-0.09967288201382576
2025-11-11 11:00:00,3571.820556640625,422391808,-0.23256471679539858
2025-11-11 12:00:00,3543.8515625,0,-0.467366255661046
2025-11-11 13:00:00,3530.8818359375,786022400,-0.423619644367463
2025-11-11 14:00:00,3521.32421875,1083768832,0.10718530670224531
2025-11-11 15:00:00,3483.1572265625,0,-0.09404937964558012
2025-11-11 16:00:00,3485.942138671875,624680960,-0.03252519993487226
2025-11-11 17:00:00,3473.864990234375,0,-0.035863573501592895
2025-11-11 18:00:00,3469.62158203125,842096640,0.003803589122458797
2025-11-11 19:00:00,3456.182373046875,0,-0.20327934345855606
2025-11-11 20:00:00,3443.712890625,367640576,-0.2670950166860293
2025-11-11 21:00:00,3419.234619140625,0,-0.1675703454297778
2025-11-11 22:00:00,3430.5830078125,1007337472,-0.09281506416883027
2025-11-11 23:00:00,3416.359375,838332416,-0.33186332109148514
2025-11-12 00:00:00,3421.25732421875,1011650560,-0.06957255475309408
2025-11-12 01:00:00,3445.613525390625,0,-0.010034242639712561
2025-11-12 02:00:00,3425.094970703125,0,0.13286311505981732
2025-11-12 03:00:00,3439.15234375,0,-0.380063477545298
2025-11-12 04:00:00,3442.375,0,-0.02574472110188317
2025-11-12 05:00:00,3448.009033203125,425000960,-0.14535213342190992
2025-11-12 06:00:00,3441.705810546875,0,0.4460990345966352
2025-11-12 07:00:00,3426.74951171875,0,0.4640404352186424
2025-11-12 08:00:00,3469.412353515625,175222784,0.07554965349868287
2025-11-12 09:00:00,3483.205810546875,0,0.048023445549966653
2025-11-12 10:00:00,3531.867919921875,1704351744,-0.0796489047488674
2025-11-12 11:00:00,3548.453369140625,1104728064,-0.23101204782078336
2025-11-12 12:00:00,3552.48486328125,0,-0.15488360116316585
2025-11-12 13:00:00,3576.586181640625,0,0.0214757969872081
2025-11-12 14:00:00,3497.756103515625,0,-0.3758674484479018
2025-11-12 15:00:00,3421.65087890625,20125696,0.11455644837737539
2025-11-12 16:00:00,3397.359619140625,699463680,0.19478660089168912
2025-11-12 17:00:00,3433.04736328125,1647071232,-0.06625753966763277
2025-11-12 18:00:00,3426.51708984375,795197440,-0.5651677360058653
2025-11-12 19:00:00,3409.5224609375,560861184,0.030927923454257836
2025-11-12 20:00:00,3410.8779296875,221790208,-0.04908578495054976
2025-11-12 21:00:00,3421.421630859375,0,-0.08204209744103182
2025-11-12 22:00:00,3419.552978515625,0,-0.052469034164086874
2025-11-12 23:00:00,3410.7314453125,0,-0.027237588054123817
2025-11-13 00:00:00,3410.7392578125,0,-0.13089978326103913
2025-11-13 01:00:00,3424.12890625,1092431872,-0.03683095558758486
2025-11-13 02:00:00,3433.512939453125,0,-0.1674328070224944
2025-11-13 03:00:00,3458.204345703125,193474560,-0.30293024897224174
2025-11-13 04:00:00,3484.64794921875,2933944320,-0.28977063001412806
2025-11-13 05:00:00,3532.48046875,0,-0.03256914117034258
2025-11-13 06:00:00,3546.39599609375,1437745152,-0.10360247484430218
2025-11-13 07:00:00,3536.339111328125,1012461568,-0.06121547982182377
2025-11-13 08:00:00,3526.2509765625,451555328,-0.6598206032482343
2025-11-13 09:00:00,3484.984619140625,805679104,0.6218002678741918
2025-11-13 10:00:00,3502.776123046875,0,-0.20535754265011616
2025-11-13 11:00:00,3505.42138671875,0,-0.431057047993903
2025-11-13 12:00:00,3502.0615234375,0,-0.12297361238036647
2025-11-13 13:00:00,3433.81689453125,1658294272,0.3376402974525921
2025-11-13 14:00:00,3447.022216796875,738226176,-0.327066857748382
2025-11-13 15:00:00,3378.130126953125,0,-0.30278372975273565
2025-11-13 16:00:00,3324.9833984375,548560896,-0.017096322131645234
2025-11-13 17:00:00,3258.418701171875,1355644928,0.06941671647349366
2025-11-13 18:00:00,3219.66943359375,2628227072,-0.3988508304523558
2025-11-13 19:00:00,3195.705322265625,975761408,-0.376754235749369
2025-11-13 20:00:00,3166.738037109375,1787080704,0.0643834573541223
2025-11-13 21:00:00,3181.223388671875,1012457472,0.0572207724155287
2025-11-13 22:00:00,3226.063232421875,927133696,-0.27527630845895024
2025-11-13 23:00:00,3233.1494140625,885878784,-0.23723185500607544
2025-11-14 00:00:00,3192.815185546875,0,0.3254013398701644
2025-11-14 01:00:00,3206.308837890625,283607040,-0.22896240445270963
2025-11-14 02:00:00,3235.944091796875,985870336,-0.06131836953287914
2025-11-14 03:00:00,3224.06298828125,0,0.07137637964860258
2025-11-14 04:00:00,3159.133056640625,334479360,-0.16410319517278488
2025-11-14 05:00:00,3191.824951171875,765353984,-0.25750265313549486
2025-11-14 06:00:00,3202.84228515625,0,-0.20632553192277
2025-11-14 07:00:00,3210.89697265625,2861772800,0.08072549495345778
2025-11-14 08:00:00,3207.499755859375,350846976,0.18450211732690103
2025-11-14 09:00:00,3157.17041015625,0,0.04780466451523192
2025-11-14 10:00:00,3175.76220703125,0,-0.2549019202019616
2025-11-14 11:00:00,3135.835693359375,530620416,-0.3265726514895267
2025-11-14 12:00:00,3128.340576171875,2635231232,-0.08944251714421031
2025-11-14 13:00:00,3117.367919921875,0,-0.11363354248138398
2025-11-14 14:00:00,3196.43115234375,2220134400,-0.11710387153327999
2025-11-14 15:00:00,3193.513916015625,703950848,-0.11839537252713517
2025-11-14 16:00:00,3231.78271484375,0,-0.08869481885941806
2025-11-14 17:00:00,3181.281494140625,0,-0.5218937811109365
2025-11-14 18:00:00,3164.2080078125,0,0.39201639803797284
2025-11-14 19:00:00,3202.70166015625,0,-0.24297318124462872
2025-11-14 20:00:00,3131.158203125,0,-0.13549083222896507
2025-11-14 21:00:00,3167.4404296875,0,-0.16223403018002733
2025-11-14 22:00:00,3154.783447265625,0,-0.3176941653576681
2025-11-14 23:00:00,3104.402099609375,147558400,-0.21017391511212932
2025-11-15 00:00:00,3138.640380859375,0,-0.24577953327457208
2025-11-15 01:00:00,3170.555419921875,0,-0.18652653194461258
2025-11-15 02:00:00,3187.737548828125,0,-0.26604825717958225
2025-11-15 03:00:00,3176.78955078125,0,-0.3301513671931908
2025-11-15 04:00:00,3169.624755859375,0,-0.23302796182160548
2025-11-15 05:00:00,3177.7060546875,0,-0.11536712660821248
2025-11-15 06:00:00,3172.580810546875,0,-0.20622812455881626
2025-11-15 07:00:00,3174.74267578125,0,-0.036777682485829584
2025-11-15 08:00:00,3142.177001953125,0,-0.18776670240009286
2025-11-15 09:00:00,3149.62158203125,0,-0.1001252538635893
2025-11-15 10:00:00,3167.22998046875,0,-0.40083763813139106
2025-11-15 11:00:00,3148.61572265625,0,-0.3392755378281705
2025-11-15 12:00:00,3159.84912109375,0,-0.49930196155477913
2025-11-15 13:00:00,3189.8583984375,0,0.018719996629200705
2025-11-15 14:00:00,3176.34912109375,0,0.38006233002596984
2025-11-15 15:00:00,3187.3046875,0,-0.06462849134225558
2025-11-15 16:00:00,3183.699462890625,0,-0.19721843116080268
2025-11-15 17:00:00,3212.8330078125,524861440,-0.4362629988353886
2025-11-15 18:00:00,3203.53759765625,585201664,-0.29249210537958487
2025-11-15 19:00:00,3196.466796875,0,-0.2633418419528665
2025-11-15 20:00:00,3171.149658203125,0,-0.08666175606045733
2025-11-15 21:00:00,3156.231201171875,0,0.015172031633269994
2025-11-15 22:00:00,3168.455810546875,0,-0.2641485374226298
2025-11-15 23:00:00,3166.56689453125,0,-0.21760263459434026
2025-11-16 00:00:00,3155.823974609375,824614912,0.0028041068828172726
2025-11-16 01:00:00,3151.107421875,51912704,-0.012536229945286902
2025-11-16 02:00:00,3196.34130859375,30900224,-0.1856442386956785
2025-11-16 03:00:00,3196.732421875,0,0.011553777244239616
2025-11-16 04:00:00,3190.571044921875,0,-0.14034141825333526
2025-11-16 05:00:00,3203.681640625,5017600,-0.040221207709334225
2025-11-16 06:00:00,3199.117431640625,0,-0.19920664095163793
2025-11-16 07:00:00,3216.9619140625,0,0.34629606459384443
2025-11-16 08:00:00,3216.272705078125,140269568,0.05974074527544865
2025-11-16 09:00:00,3240.58935546875,839680,-0.16102569066136566
2025-11-16 10:00:00,3233.5234375,543700992,0.042118282253419057
2025-11-16 11:00:00,3166.63916015625,967499776,0.0
2025-11-16 12:00:00,3164.74072265625,956123136,-0.646693637211462
2025-11-16 13:00:00,3151.8525390625,331210752,0.24501089073401286
2025-11-16 14:00:00,3171.623291015625,297723904,-0.2164068030707159
2025-11-16 15:00:00,3102.21923828125,0,-0.18389886388631838
2025-11-16 16:00:00,3058.309814453125,3275425792,-0.24184290327910907
2025-11-16 17:00:00,3054.99609375,218834944,-0.12701709936013997
2025-11-16 18:00:00,3056.373291015625,939552768,-0.22207310576411984
2025-11-16 19:00:00,3089.027587890625,938579968,-0.636976735776751
2025-11-16 20:00:00,3092.473876953125,125151232,-0.2596016020925613
2025-11-16 21:00:00,3070.062744140625,844992512,-0.43221494705807
2025-11-16 22:00:00,3093.6103515625,801007616,-0.28027982942917995
2025-11-16 23:00:00,3094.65380859375,2530304000,-0.3285917641926102
2025-11-17 00:00:00,3136.841552734375,777738240,-0.13561384005471716
2025-11-17 01:00:00,3116.080810546875,531609600,-0.05334548731402104
2025-11-17 02:00:00,3145.179443359375,391792640,-0.46512913271404477
2025-11-17 03:00:00,3174.244873046875,233502720,0.007820294917733152
2025-11-17 04:00:00,3181.91943359375,857079808,-0.7643095232834242
2025-11-17 05:00:00,3186.263916015625,182065152,-0.39445478345212015
2025-11-17 06:00:00,3193.031005859375,0,0.43200654687034556
2025-11-17 07:00:00,3199.3544921875,1055250432,0.14728521302109213
2025-11-17 08:00:00,3187.2880859375,0,-0.4137296912919956
2025-11-17 09:00:00,3192.41259765625,675012608,-0.10980334394434024
2025-11-17 10:00:00,3194.04833984375,0,-0.07282715638216015
2025-11-17 11:00:00,3201.0810546875,50475008,-0.2736185330487365
2025-11-17 12:00:00,3183.045166015625,0,-0.36542265247237843
2025-11-17 13:00:00,3114.4619140625,818970624,-0.16259359023717396
2025-11-17 14:00:00,3148.992431640625,2388987904,-0.14247941591121663
2025-11-17 15:00:00,3116.725830078125,2381086720,-0.34183443452035317
2025-11-17 16:00:00,3131.52978515625,0,-0.4131609072397331
2025-11-17 17:00:00,3053.734375,0,-0.13708133213147214
2025-11-17 18:00:00,3021.795166015625,423190528,-0.4925542320839736
2025-11-17 19:00:00,2977.650146484375,2073935872,-0.3875458999303677
2025-11-17 20:00:00,3000.531982421875,2343329792,-0.09763082653429228
2025-11-17 21:00:00,3005.612060546875,100556800,-0.12255227274682051
2025-11-17 22:00:00,3019.59130859375,0,0.13279377360884245
2025-11-17 23:00:00,3023.423583984375,0,-0.6128793766435027
2025-11-18 00:00:00,3033.04150390625,0,-0.01459859948580274
2025-11-18 01:00:00,3015.72265625,1374265344,-0.07511622494668727
2025-11-18 02:00:00,2996.408203125,718827520,-0.22796693636620918
2025-11-18 03:00:00,3019.40576171875,2113265664,0.23107450842304414
2025-11-18 04:00:00,3004.522705078125,2315517952,0.016748245769657256
2025-11-18 05:00:00,3009.26318359375,175083520,-0.14353300396139074
2025-11-18 06:00:00,2985.277587890625,1174339584,-0.05616273109090605
2025-11-18 07:00:00,3022.430419921875,983171072,-0.19248723970293252
2025-11-18 08:00:00,3056.685546875,1184329728,0.004234999747964851
2025-11-18 09:00:00,3054.385986328125,0,-0.004818959387146256
2025-11-18 10:00:00,3062.979248046875,838205440,-0.11229227789124772
2025-11-18 11:00:00,3059.593505859375,644530176,0.4620880835294519
2025-11-18 12:00:00,3041.3115234375,72757248,0.24307587897283053
2025-11-18 13:00:00,3044.277587890625,0,-0.11716866279511828
2025-11-18 14:00:00,3063.1708984375,3942187008,-0.12007965550885794
2025-11-18 15:00:00,3108.18212890625,596385792,-0.2343042023428435
2025-11-18 16:00:00,3150.576904296875,0,-0.3786286395415231
2025-11-18 17:00:00,3133.37451171875,0,-0.18398980708395354
2025-11-18 18:00:00,3158.385498046875,0,-0.26519050082730844
2025-11-18 19:00:00,3139.927001953125,0,-0.19240116501131652
2025-11-18 20:00:00,3127.548828125,0,-0.1440743657473357
2025-11-18 21:00:00,3098.114501953125,0,-0.11165549085495054
2025-11-18 22:00:00,3123.283935546875,0,-0.11887111012062482
2025-11-18 23:00:00,3118.20751953125,0,-0.14064473406778152
2025-11-19 00:00:00,3103.940673828125,208379904,-0.050182827021793275
2025-11-19 01:00:00,3094.406494140625,0,0.054256528799539544
2025-11-19 02:00:00,3115.818115234375,0,0.04379646400023144
2025-11-19 03:00:00,3078.886474609375,0,-0.13231697669931006
2025-11-19 04:00:00,3060.86962890625,0,-0.17369721051556872
2025-11-19 05:00:00,3007.0537109375,0,-0.03009861868919521
2025-11-19 06:00:00,3038.006591796875,530128896,-0.30655908269518317
2025-11-19 07:00:00,3082.704345703125,0,-0.19510240735581194
2025-11-19 08:00:00,3080.39306640625,0,0.01739951302518957
2025-11-19 09:00:00,3082.40771484375,0,0.26867258585857984
2025-11-19 10:00:00,3088.501708984375,0,-0.17294222313233693
2025-11-19 11:00:00,3082.610107421875,0,-0.5008951052840903
2025-11-19 12:00:00,3095.845703125,5748736,-0.2743443946852009
2025-11-19 13:00:00,3066.355224609375,0,-0.02421817539847843
2025-11-19 14:00:00,3051.078857421875,222425088,-0.17346122990453147
2025-11-19 15:00:00,2967.420166015625,0,-0.12430512942183801
2025-11-19 16:00:00,2940.27685546875,1312008192,-0.10716989260074575
2025-11-19 17:00:00,2913.21630859375,1313904640,0.05752478561232146
2025-11-19 18:00:00,2895.360595703125,809854976,-0.21881069226138763
2025-11-19 19:00:00,2879.933349609375,940756992,-0.44838601027446856
2025-11-19 20:00:00,2943.89453125,671084544,-0.09089714661842616
2025-11-19 21:00:00,2989.777587890625,2403790848,0.016645620849742932
2025-11-19 22:00:00,2981.477294921875,899543040,-0.07608454265539277
2025-11-19 23:00:00,3023.03125,411070464,-0.11914577665875332
2025-11-20 00:00:00,3018.258056640625,0,-0.4524907007529837
2025-11-20 01:00:00,3042.2001953125,926986240,-0.0999245352445337
2025-11-20 02:00:00,3043.460205078125,0,-0.22936897197900766
2025-11-20 03:00:00,3037.739013671875,0,-0.09737823546000687
2025-11-20 04:00:00,3049.620361328125,0,-0.43428910646487145
2025-11-20 05:00:00,3033.477783203125,0,-0.025780879989615372
2025-11-20 06:00:00,3015.599853515625,0,-0.4508873870305312
2025-11-20 07:00:00,3037.983642578125,0,-0.03925501732492572
2025-11-20 08:00:00,3028.59765625,0,-0.01684207347263145
2025-11-20 09:00:00,3008.06201171875,358465536,-0.3914297592553381
2025-11-20 10:00:00,3010.288818359375,0,0.016555181865599962
2025-11-20 11:00:00,3021.07861328125,166068224,-0.5928027669533076
2025-11-20 12:00:00,3026.39013671875,2748416,-0.40298850784080636
2025-11-20 13:00:00,2999.4013671875,369082368,-0.5452095756403657
2025-11-20 14:00:00,3002.1015625,671363072,-0.6778146684525178
2025-11-20 15:00:00,2966.814208984375,0,-0.10629785951024921
2025-11-20 16:00:00,2852.595947265625,2160820224,-0.16192547292339884
2025-11-20 17:00:00,2834.345947265625,91226112,0.011985998323052999
2025-11-20 18:00:00,2809.674560546875,3705065472,-0.5453290185589825
2025-11-20 19:00:00,2846.836669921875,763473920,-0.08705001338095127
2025-11-20 20:00:00,2834.50537109375,43208704,-0.1617131869464982
2025-11-20 21:00:00,2876.669189453125,0,-0.04621773644697358
2025-11-20 22:00:00,2886.097412109375,999989248,0.42385998336754854
2025-11-20 23:00:00,2834.962890625,0,-0.5162431877239176
2025-11-21 00:00:00,2855.318115234375,0,-0.044179475334562644
2025-11-21 01:00:00,2860.24658203125,429760512,-0.05772975953767402
2025-11-21 02:00:00,2780.87939453125,0,-0.4741123760679034
2025-11-21 03:00:00,2813.7294921875,2424492032,-0.07025923210683259
2025-11-21 04:00:00,2815.099609375,0,-0.15182633215317598
2025-11-21 05:00:00,2804.228515625,744632320,-0.2668198875638373
2025-11-21 06:00:00,2789.468505859375,419868672,-0.06741803273605805
2025-11-21 07:00:00,2710.890869140625,4393967616,-0.15824278365628758
2025-11-21 08:00:00,2737.130859375,2698342400,-0.5068873681259416
2025-11-21 09:00:00,2685.314208984375,1027522560,0.18929848114174522
2025-11-21 10:00:00,2693.7666015625,2153832448,-0.4984846981755292
2025-11-21 11:00:00,2684.168701171875,945397760,-0.8475768350735311
2025-11-21 12:00:00,2725.462646484375,1725325312,-0.6903251579264384
2025-11-21 13:00:00,2745.82080078125,554151936,-0.13208277590552653
2025-11-21 14:00:00,2772.9755859375,0,-0.40885079679774855
2025-11-21 15:00:00,2698.911865234375,1498316800,-0.2726440932652917
2025-11-21 16:00:00,2760.04638671875,0,-0.058290821475713565
2025-11-21 17:00:00,2781.9765625,0,-0.40216655243334665
2025-11-21 18:00:00,2775.313720703125,0,-0.6319815105719618
2025-11-21 19:00:00,2748.87890625,0,-0.4809408299069023
2025-11-21 20:00:00,2738.189453125,0,-0.644336186846094
2025-11-21 21:00:00,2763.3828125,1243779072,-0.540857379634042
2025-11-21 22:00:00,2724.0361328125,0,-0.3041972584805217
2025-11-21 23:00:00,2762.017578125,0,-0.16381982040274215
2025-11-22 00:00:00,2763.852783203125,0,-0.14345166594527492
2025-11-22 01:00:00,2771.310791015625,299339776,-0.4933671495771655
2025-11-22 02:00:00,2748.87744140625,0,0.21090909493959037
2025-11-22 03:00:00,2752.71875,0,-0.4755879467653287
2025-11-22 04:00:00,2743.498291015625,45797376,-0.3633176965082175
2025-11-22 05:00:00,2742.264892578125,0,-0.8527487925988749
2025-11-22 06:00:00,2764.3427734375,0,-0.152683447704715
2025-11-22 07:00:00,2755.5546875,0,-0.28425848035776696
2025-11-22 08:00:00,2731.150634765625,0,0.08089280944916336
2025-11-22 09:00:00,2723.717041015625,0,-0.021427769748666274
2025-11-22 10:00:00,2711.694091796875,0,-0.028634446797552726
2025-11-22 11:00:00,2736.41259765625,0,0.09067361825686181
2025-11-22 12:00:00,2719.3525390625,0,-0.5272343603034072
2025-11-22 13:00:00,2717.2177734375,0,-0.09311296324130346
2025-11-22 14:00:00,2744.125732421875,0,0.644228074207447
2025-11-22 15:00:00,2733.659912109375,0,-0.3844184754493049
2025-11-22 16:00:00,2755.2099609375,0,-0.2988599568330641
2025-11-22 17:00:00,2746.470458984375,0,0.49120310411755647
2025-11-22 18:00:00,2750.09033203125,0,-0.33384025329632216
2025-11-22 19:00:00,2750.61279296875,0,-0.07339270501733752
2025-11-22 20:00:00,2738.89794921875,0,-0.2795013912799626
2025-11-22 21:00:00,2746.206298828125,0,-0.34627705830366023
2025-11-22 22:00:00,2791.1884765625,0,-0.25715124730935873
2025-11-22 23:00:00,2768.464599609375,0,-0.027451631316212605
2025-11-23 00:00:00,2770.107421875,0,-0.17601990557617053
2025-11-23 01:00:00,2805.62841796875,444034048,0.031899224880993886
2025-11-23 02:00:00,2820.44482421875,401935360,-0.3171615802394412
2025-11-23 03:00:00,2822.2333984375,0,-0.8001528773811085
2025-11-23 04:00:00,2826.311279296875,777119744,-0.4936339364959121
2025-11-23 05:00:00,2823.83642578125,288999424,-0.8351681507114357
2025-11-23 06:00:00,2810.615478515625,217749504,-0.1482593401420323
2025-11-23 07:00:00,2790.99658203125,663066624,-0.517502050413933
2025-11-23 08:00:00,2812.387451171875,0,-0.009129453844691032
2025-11-23 09:00:00,2815.572509765625,97355776,-0.2949493793337937
2025-11-23 10:00:00,2807.94482421875,0,0.17666647397242063
2025-11-23 11:00:00,2814.802734375,0,-0.044117636795346415
2025-11-23 12:00:00,2832.979736328125,1331237888,-0.32651397798392
2025-11-23 13:00:00,2842.40576171875,410056704,-0.44061655307423586
2025-11-23 14:00:00,2813.54150390625,272553984,-0.7339133809859015
2025-11-23 15:00:00,2836.037353515625,0,-0.10005955525632354
2025-11-23 16:00:00,2804.361083984375,0,-0.3178593388199066
2025-11-23 17:00:00,2792.041259765625,959049728,-0.6899019534232481
2025-11-23 18:00:00,2806.119384765625,346687488,0.5924504418541281
2025-11-23 19:00:00,2821.284423828125,0,-0.28468028674233004
2025-11-23 20:00:00,2827.44873046875,501192704,0.005489906517400552
2025-11-23 21:00:00,2842.478759765625,294834176,-0.07867462373860655
2025-11-23 22:00:00,2837.707275390625,0,-0.5096897587157375
2025-11-23 23:00:00,2799.56494140625,419995648,-0.30291046683769063
2025-11-24 00:00:00,2787.32861328125,329371648,-0.3594207883630296
2025-11-24 01:00:00,2804.32470703125,86976512,-0.7513474945482116
2025-11-24 02:00:00,2834.97509765625,876072960,-0.0401711113538328
2025-11-24 03:00:00,2855.31494140625,464041984,-0.778125886457939
2025-11-24 04:00:00,2823.19482421875,154753024,-0.2965645460649279
2025-11-24 05:00:00,2865.820556640625,497844224,-0.07012479779945753
2025-11-24 06:00:00,2838.02490234375,0,-0.5274007875009329
2025-11-24 07:00:00,2828.856689453125,0,0.036788225837884006
2025-11-24 08:00:00,2839.70654296875,245989376,-0.007116065132048035
2025-11-24 09:00:00,2795.93603515625,1359613952,-0.46142916645705695
2025-11-24 10:00:00,2800.450927734375,408233984,-0.35126738037261357
2025-11-24 11:00:00,2801.98193359375,62343168,-0.7933196984738063
2025-11-24 12:00:00,2801.256103515625,0,0.4476699122710773
2025-11-24 13:00:00,2818.513671875,280471552,-0.7759611892911474
2025-11-24 14:00:00,2818.13232421875,560553984,-0.2059966690186417
2025-11-24 15:00:00,2845.48828125,1479395328,-0.08841999647643342
2025-11-24 16:00:00,2858.790283203125,155260928,-0.15094985703209213
2025-11-24 17:00:00,2940.797119140625,1438660608,-0.6625615505201637
2025-11-24 18:00:00,2955.9921875,3507267584,-0.19987577561647812
2025-11-24 19:00:00,2956.63330078125,755298304,-0.2911595167197502
2025-11-24 20:00:00,2972.150390625,880082944,-0.13524878605510465
2025-11-24 21:00:00,2962.524658203125,0,0.0517477121477389
2025-11-24 22:00:00,2959.748291015625,565594112,-0.17848628157949323
2025-11-24 23:00:00,2952.893798828125,0,-0.07515512710067934
2025-11-25 00:00:00,2943.245361328125,0,-0.13029286505630475
2025-11-25 01:00:00,2922.273681640625,0,-0.13767853450194376
2025-11-25 02:00:00,2929.8037109375,0,-0.03734129718202439
2025-11-25 03:00:00,2910.385986328125,0,-0.05772047980182907
2025-11-25 04:00:00,2938.1103515625,0,0.008375827500661879
2025-11-25 05:00:00,2930.2666015625,0,-0.24709827396367315
2025-11-25 06:00:00,2923.3876953125,0,-0.16826186201580748
2025-11-25 07:00:00,2903.74755859375,0,-0.02429636776793037
2025-11-25 08:00:00,2872.800537109375,0,-0.0584512318849259
2025-11-25 09:00:00,2892.69580078125,0,-0.24652477130611708
2025-11-25 10:00:00,2897.941162109375,425111552,-0.19260504690910926
2025-11-25 11:00:00,2890.612060546875,0,-0.1439127443927341
2025-11-25 12:00:00,2927.21435546875,740917248,-0.2536812932069519
2025-11-25 13:00:00,2904.84765625,44541952,-0.046732616838815536
2025-11-25 14:00:00,2878.192626953125,0,-0.13742507491606615
2025-11-25 15:00:00,2895.80615234375,421558272,-0.3045901781150688
2025-11-25 16:00:00,2929.3056640625,0,-0.14372890067116062
2025-11-25 17:00:00,2938.575439453125,0,-0.1072450432944354
2025-11-25 18:00:00,2925.1923828125,0,-0.08786050253848485
2025-11-25 19:00:00,2918.471435546875,297140224,0.24512138256426114
2025-11-25 20:00:00,2932.856201171875,0,-0.4096059764604093
2025-11-25 21:00:00,2931.692626953125,0,-0.2294885379580004
2025-11-25 22:00:00,2966.38525390625,594356224,-0.23593767526530213
2025-11-25 23:00:00,2957.85009765625,746295296,-0.04011297540017645
2025-11-26 00:00:00,2952.063232421875,63989760,-0.38413691275810935
2025-11-26 01:00:00,2967.261474609375,509878272,-0.30074794241084984
2025-11-26 02:00:00,2956.58056640625,0,0.009664587682397698
2025-11-26 03:00:00,2925.748291015625,0,-0.01803521623202991
2025-11-26 04:00:00,2931.12548828125,678393856,0.6532205033922209
2025-11-26 05:00:00,2943.123779296875,692393984,-0.44755979971231435
2025-11-26 06:00:00,2945.927734375,0,-0.17979201520011226
2025-11-26 07:00:00,2940.568603515625,418504704,-0.12107189951196748
2025-11-26 08:00:00,2911.957275390625,0,0.04919807127353676
2025-11-26 09:00:00,2902.95458984375,0,-0.19907860333802085
2025-11-26 10:00:00,2913.236083984375,0,0.0072396199108813696
2025-11-26 11:00:00,2913.123779296875,131659776,-0.26670961101359136
2025-11-26 12:00:00,2901.829345703125,0,-0.3541705549714439
2025-11-26 13:00:00,2930.133056640625,0,0.07606730260793716
2025-11-26 14:00:00,2916.41455078125,0,-0.07172681759073123
2025-11-26 15:00:00,2915.413330078125,0,-0.045385909725056225
2025-11-26 16:00:00,2948.372802734375,102264832,0.21651910422827672
2025-11-26 17:00:00,3031.84912109375,1254203392,0.16613052548287993
2025-11-26 18:00:00,3033.039306640625,950511616,-0.232018284198159
2025-11-26 19:00:00,3034.3837890625,0,-0.01415359381275735
2025-11-26 20:00:00,3025.98486328125,0,-0.009112875316387508
2025-11-26 21:00:00,3021.7685546875,176265216,-0.18833444330099638
2025-11-26 22:00:00,3028.6953125,0,-0.1693024134583381
2025-11-26 23:00:00,3027.8740234375,0,-0.01263912307445882
2025-11-27 00:00:00,3037.568359375,0,0.12995212185895505
2025-11-27 01:00:00,3053.510009765625,0,-0.12647535535061288
2025-11-27 02:00:00,3039.088134765625,1291309056,-0.16460420570746184
2025-11-27 03:00:00,3035.059814453125,209524736,-0.16856653232720126
2025-11-27 04:00:00,3040.48583984375,0,-0.3648501511180772
2025-11-27 05:00:00,3021.38916015625,77944832,-0.3856133115225187
2025-11-27 06:00:00,3028.08642578125,0,-0.051114823356317854
2025-11-27 07:00:00,3032.37744140625,13170688,-0.1313297856054355
2025-11-27 08:00:00,3027.457275390625,0,-0.1912464578739676
2025-11-27 09:00:00,3028.236328125,0,-0.009862149564396775
2025-11-27 10:00:00,3035.1162109375,0,-0.39073409470891235
2025-11-27 11:00:00,3029.345947265625,169467904,-0.16303891725465824
2025-11-27 12:00:00,2991.128662109375,0,-0.06944376902173106
2025-11-27 13:00:00,2997.914306640625,690923520,-0.35665969450225654
2025-11-27 14:00:00,2997.71435546875,0,0.06412837909433017
2025-11-27 15:00:00,3011.693359375,0,-0.06071798220812225
2025-11-27 16:00:00,3021.23486328125,0,-0.2253232926040581
2025-11-27 17:00:00,3019.778564453125,0,-0.06422101659865657
2025-11-27 18:00:00,3037.21240234375,0,-0.23768453617498042
2025-11-27 19:00:00,3030.842041015625,0,0.018334328676800273
2025-11-27 20:00:00,3040.041259765625,0,0.17196571074383468
2025-11-27 21:00:00,3034.123291015625,0,-0.305903384242225
2025-11-27 22:00:00,3011.15625,179002368,0.0015716489769207172
2025-11-27 23:00:00,3014.33984375,0,-0.353033561011888
2025-11-28 00:00:00,3013.465087890625,0,-0.23047181875999928
2025-11-28 01:00:00,2998.197021484375,0,-0.6554349715349169
2025-11-28 02:00:00,3012.35791015625,0,-0.1087682243680422
2025-11-28 03:00:00,3008.968994140625,0,0.2711907195539348
2025-11-28 04:00:00,3017.765625,0,-0.5321348558673668
2025-11-28 05:00:00,3024.009033203125,136065024,-0.1662968879688033
2025-11-28 06:00:00,3010.49951171875,29739008,0.12468370519718411
2025-11-28 07:00:00,3001.2919921875,226214912,-0.23139475307638735
2025-11-28 08:00:00,3059.117919921875,618628096,0.3634327108392898
2025-11-28 09:00:00,3052.491455078125,751028224,-0.1039466225469118
2025-11-28 10:00:00,3059.7607421875,0,-0.5595995679476807
2025-11-28 11:00:00,3035.582763671875,658775040,0.2748842095134842
2025-11-28 12:00:00,3036.215576171875,0,0.336205019578419
2025-11-28 13:00:00,3074.28515625,0,-0.7327031340590763
2025-11-28 14:00:00,3063.505126953125,1117054976,-0.08614164285021898
2025-11-28 15:00:00,3071.97412109375,1067962368,-0.1594947559388471
2025-11-28 16:00:00,3027.197265625,541341696,-0.3938011873275173
2025-11-28 17:00:00,3043.454345703125,925460480,-0.37988249265600554
2025-11-28 18:00:00,3036.403564453125,340879360,-0.12144775656229562
2025-11-28 19:00:00,3049.270263671875,399894528,-0.5028387136225017
2025-11-28 20:00:00,3057.491455078125,67289088,0.19638461197917334
2025-11-28 21:00:00,3039.39208984375,0,-0.1717551529585679
2025-11-28 22:00:00,3032.882568359375,104110080,-0.27369844998265236
2025-11-29 19:00:00,2989.5361328125,0,-0.09134391815812576
2025-11-29 20:00:00,2998.507568359375,0,-0.24144711396935703
2025-11-29 21:00:00,2995.34130859375,0,-0.3951612922534226
2025-11-29 22:00:00,2991.337158203125,0,-0.30333212377224
2025-11-29 23:00:00,2991.47265625,0,-0.30838484683280887
2025-11-30 00:00:00,2998.35302734375,0,-0.021227146840710535
2025-11-30 01:00:00,3006.43017578125,0,-0.12995430962159263
2025-11-30 02:00:00,2992.9140625,0,0.03532711687842191
2025-11-30 03:00:00,3002.551513671875,260481024,-0.23008418286375024
2025-11-30 04:00:00,2999.1318359375,0,-0.08201443033623625
2025-11-30 05:00:00,2993.615966796875,0,-0.07192996857786361
2025-11-30 06:00:00,2998.62548828125,0,-0.17391290403290802
2025-11-30 07:00:00,3006.615234375,0,-0.2710143495091497
2025-11-30 08:00:00,3008.1787109375,173631488,-0.3055554093999027
2025-11-30 09:00:00,3010.5283203125,0,0.07452570911275386
2025-11-30 10:00:00,3009.784423828125,0,0.05627693887868915
2025-11-30 11:00:00,3003.8515625,0,0.2571424775514175
2025-11-30 12:00:00,3027.54833984375,229318656,-0.5369328241023481
2025-11-30 13:00:00,3047.946533203125,672237568,-0.48369558581608335
2025-11-30 14:00:00,3035.2978515625,173953024,-0.15293712072322735
2025-11-30 15:00:00,3029.033935546875,0,-0.3611230529685412
2025-11-30 16:00:00,3044.582275390625,0,-0.08177096886570548
2025-11-30 17:00:00,3041.051025390625,0,-0.018402621801410484
2025-11-30 18:00:00,3036.387451171875,0,-0.28809937907536165
2025-11-30 19:00:00,3034.033935546875,21295104,-0.44181263072429416
2025-11-30 20:00:00,3029.263427734375,0,-0.3054540256584456
2025-11-30 21:00:00,3021.960205078125,284901376,-0.45752997385448435
2025-11-30 22:00:00,3032.5771484375,74277888,-0.15646341190465626
2025-11-30 23:00:00,2994.091796875,325339136,-0.011693826064172928
2025-12-01 00:00:00,2844.90625,3492398080,-0.10106052684676319
2025-12-01 01:00:00,2852.911376953125,1393932288,-0.18583053173140107
2025-12-01 02:00:00,2841.49658203125,1236288512,-0.3306876728419551
2025-12-01 03:00:00,2827.468017578125,1002119168,-0.24822794266807874
2025-12-01 04:00:00,2821.390869140625,1276000256,-0.3391408133553479
2025-12-01 05:00:00,2828.198974609375,468606976,-0.0764586464213617
2025-12-01 06:00:00,2825.91455078125,402804736,-0.049759834605027725
2025-12-01 07:00:00,2840.8212890625,567922688,-0.2633041191548267
2025-12-01 08:00:00,2837.451416015625,204972032,-0.259840372509104
2025-12-01 09:00:00,2837.206298828125,1722460160,-0.17739863120072852
2025-12-01 10:00:00,2843.794677734375,683847680,-0.334171318521098
2025-12-01 11:00:00,2838.10107421875,1216043008,-0.3990166575760253
2025-12-01 12:00:00,2824.828369140625,732850176,-0.338629667548309
2025-12-01 13:00:00,2813.280029296875,596039680,-0.16026866709931206
2025-12-01 14:00:00,2820.794189453125,468373504,-0.367686656288016
2025-12-01 15:00:00,2745.124755859375,3523188736,-0.3455543097063956
2025-12-01 16:00:00,2727.2998046875,1516040192,-0.0713164176197551
2025-12-01 17:00:00,2740.53515625,852604928,-0.11808291942958707
2025-12-01 18:00:00,2750.69140625,151695360,-0.020228712117412128
2025-12-01 19:00:00,2741.840087890625,1095370752,-0.4176869812914113
2025-12-01 20:00:00,2759.0234375,1041410048,-0.11940511998866185
2025-12-01 21:00:00,2791.376220703125,663363584,-0.1437137890890122
2025-12-01 22:00:00,2804.059814453125,872525824,-0.3469907423550357
2025-12-01 23:00:00,2799.575927734375,20873216,-0.5525237345887407
2025-12-02 00:00:00,2793.61572265625,0,-0.24848020687965414
2025-12-02 01:00:00,2794.955810546875,0,-0.10682728480828621
2025-12-02 02:00:00,2801.76708984375,0,-0.2453068190054118
2025-12-02 03:00:00,2805.17919921875,0,-0.06864477637172825
2025-12-02 04:00:00,2805.421875,0,-0.06875781490289984
2025-12-02 05:00:00,2803.21630859375,0,-0.4869312724473884
2025-12-02 06:00:00,2812.518798828125,0,-0.15195459339687445
2025-12-02 07:00:00,2806.109130859375,0,-0.2508378057954598
2025-12-02 08:00:00,2796.31884765625,0,-0.21616702559642445
2025-12-02 09:00:00,2798.404052734375,0,-0.09764820128948895
2025-12-02 10:00:00,2824.21240234375,0,-0.34251064711632
2025-12-02 11:00:00,2825.385986328125,0,0.43329882023607724
2025-12-02 12:00:00,2826.507568359375,0,-0.3620003033492384
2025-12-02 13:00:00,2846.7626953125,0,0.013021981790092644
2025-12-02 14:00:00,2894.904541015625,2125185024,-0.14948926893254882
2025-12-02 15:00:00,3007.5693359375,545273856,-0.41680384568260725
2025-12-02 16:00:00,3000.716796875,0,-0.2675546172589489
2025-12-02 17:00:00,3017.021484375,875520000,-0.2653580224283848
2025-12-02 18:00:00,3011.564453125,453580800,-0.3472785397335285
2025-12-02 19:00:00,3017.18115234375,0,-0.19927090778073672
2025-12-02 20:00:00,2980.772705078125,601946112,-0.23713404216235828
2025-12-02 21:00:00,2997.55908203125,0,-0.10088478925872411
2025-12-02 22:00:00,3016.778076171875,0,-0.08192819323079562
2025-12-02 23:00:00,2997.874267578125,62531584,-0.14726962922955375
2025-12-03 00:00:00,3004.88623046875,0,-0.1701338337541278
2025-12-03 01:00:00,3015.27978515625,93919232,-0.13237728800745246
2025-12-03 02:00:00,3031.430908203125,904663040,-0.319504141530749
2025-12-03 03:00:00,3033.501220703125,33341440,-0.37349439370761406
2025-12-03 04:00:00,3058.2607421875,621072384,0.3074177557397175
2025-12-03 05:00:00,3061.177978515625,619163648,0.10343298871226896
2025-12-03 06:00:00,3066.90576171875,801800192,-0.05718166040492736
2025-12-03 07:00:00,3058.793212890625,504289280,-0.06516029997858198
2025-12-03 08:00:00,3050.54638671875,0,0.03563692887249655
2025-12-03 09:00:00,3062.902587890625,783710208,-0.2732714605192312
2025-12-03 10:00:00,3054.577392578125,438032384,-0.02527261482982978
2025-12-03 11:00:00,3073.554931640625,148727808,0.16213115159969993
2025-12-03 12:00:00,3082.928955078125,319899648,0.1642901216199909
2025-12-03 13:00:00,3090.047607421875,0,-0.17490981923059526
2025-12-03 14:00:00,3088.6318359375,823281664,-0.033928491686384614
2025-12-03 15:00:00,3082.69287109375,0,-0.07915447736815011
2025-12-03 16:00:00,3087.22314453125,0,-0.4243280261572297
2025-12-03 17:00:00,3130.495361328125,700028928,-0.05044324384149209
2025-12-03 18:00:00,3115.517578125,133656576,-0.07532548141967757
2025-12-03 19:00:00,3128.0009765625,259624960,0.17301395532176755
2025-12-03 20:00:00,3133.645263671875,0,-0.36897520114323235
2025-12-03 21:00:00,3163.685546875,56135680,0.0755712960472456
2025-12-03 22:00:00,3190.623046875,1598183424,-0.23220388446234932
2025-12-03 23:00:00,3195.597900390625,1129515008,-0.12392466011004342
2025-12-04 00:00:00,3199.0556640625,708159488,0.04087617689221446
2025-12-04 01:00:00,3203.313232421875,721620992,-0.09066297172362096
2025-12-04 02:00:00,3225.00439453125,0,-0.011897486522720742
2025-12-04 03:00:00,3210.0927734375,0,0.019474477076523906
2025-12-04 04:00:00,3191.09423828125,0,-0.1948982089970527
2025-12-04 05:00:00,3184.292724609375,0,-0.08718411696541636
2025-12-04 06:00:00,3205.9189453125,97144832,-0.09350759639103907
2025-12-04 07:00:00,3191.25927734375,102555648,-0.25234080651102847
2025-12-04 08:00:00,3182.040283203125,0,-0.29103060321215035
2025-12-04 09:00:00,3201.419921875,431988736,-0.05789900638586216
2025-12-04 10:00:00,3188.583740234375,0,0.05546884385468445
2025-12-04 11:00:00,3186.099853515625,0,-0.21177994182014565
2025-12-04 12:00:00,3177.583984375,0,-0.13154765119262699
2025-12-04 13:00:00,3173.017822265625,21770240,-0.035117963809940894
2025-12-04 14:00:00,3145.820556640625,0,0.041975448754565346
2025-12-04 15:00:00,3212.66650390625,907024384,-0.025137467720238043
2025-12-04 16:00:00,3170.672607421875,515813376,-0.17579705202073867
2025-12-04 17:00:00,3161.08544921875,0,-0.36238690657957906
2025-12-04 18:00:00,3137.66259765625,0,-0.13137067861967897
2025-12-04 19:00:00,3121.95068359375,2230222848,-0.06896658751985721
2025-12-04 20:00:00,3141.748291015625,0,-0.18313036658265722
2025-12-04 21:00:00,3123.33349609375,0,-0.12099951290745087
2025-12-04 22:00:00,3145.234375,0,-0.09304075989408139
2025-12-04 23:00:00,3134.72998046875,0,-0.1723309061764094
2025-12-05 00:00:00,3147.989990234375,0,-0.016960467584513472
2025-12-05 01:00:00,3164.63330078125,0,-0.2334062242594374
2025-12-05 02:00:00,3183.436767578125,0,-0.08616011799644899
2025-12-05 03:00:00,3170.472412109375,0,-0.23291496379257506
2025-12-05 04:00:00,3168.634765625,0,-0.2212172805693465
2025-12-05 05:00:00,3155.041015625,0,-0.024429656954464953
2025-12-05 06:00:00,3168.951416015625,0,-0.16512324782095872
2025-12-05 07:00:00,3173.807861328125,0,-0.026911850396230817
2025-12-05 08:00:00,3156.244384765625,0,-0.025442863819115757
2025-12-05 09:00:00,3120.89013671875,1236885504,-0.19877671151721638
2025-12-05 10:00:00,3139.663818359375,645068800,-0.17131305744625133
2025-12-05 11:00:00,3133.16064453125,3115008,-0.1435616881333523
2025-12-05 12:00:00,3129.586181640625,381968384,-0.2526584305810893
2025-12-05 13:00:00,3102.1494140625,0,-0.299160289967312
2025-12-05 14:00:00,3103.056884765625,383899648,0.018457688005641702
2025-12-05 15:00:00,3098.7001953125,0,-0.2207329064818918
2025-12-05 16:00:00,3037.652587890625,2010427392,-0.15381089220210747
2025-12-05 17:00:00,3033.503662109375,717727744,-0.2705733952154587
2025-12-05 18:00:00,3008.20556640625,649265152,-0.2873557221180149
2025-12-05 19:00:00,3040.805908203125,0,-0.04204628801461756
2025-12-05 20:00:00,3024.014404296875,329525248,-0.11632356256117228
2025-12-05 21:00:00,3019.12109375,522825728,-0.2270279442029603
2025-12-05 22:00:00,3028.757080078125,0,-0.2985380393712776
2025-12-05 23:00:00,3024.298583984375,0,-0.3312627107747865
2025-12-06 00:00:00,3027.02001953125,0,-0.1518366639311295
2025-12-06 01:00:00,3027.278076171875,0,-0.33219518555327715
2025-12-06 02:00:00,3029.243896484375,0,-0.1925845118282923
2025-12-06 03:00:00,3040.0185546875,14202880,-0.06933361296281482
2025-12-06 04:00:00,3037.398681640625,0,-0.2964545651676117
2025-12-06 05:00:00,3039.677734375,0,-0.21499975126526805
2025-12-06 06:00:00,3039.247314453125,0,-0.2854167770544296
2025-12-06 07:00:00,3028.919677734375,0,-0.17314521737697267
2025-12-06 08:00:00,3017.133056640625,0,-0.33675121536336544
2025-12-06 09:00:00,3031.3359375,0,-0.2727294626125944
2025-12-06 10:00:00,3032.846435546875,0,-0.10114554501175685
2025-12-06 11:00:00,3039.00439453125,0,-0.3053676147074537
2025-12-06 12:00:00,3032.2724609375,0,-0.2812384680030659
2025-12-06 13:00:00,3037.693359375,0,-0.4076920859617174
2025-12-06 14:00:00,3055.7265625,0,-0.4478876586585745
2025-12-06 15:00:00,3046.41357421875,0,-0.04669043262897943
2025-12-06 16:00:00,3053.119873046875,0,-0.0768759783621262
2025-12-06 17:00:00,3055.349609375,0,-0.08977320034798364
2025-12-06 18:00:00,3043.37548828125,0,-0.1313188105872317
2025-12-06 19:00:00,3031.64990234375,0,-0.23125871454684907
2025-12-06 20:00:00,3040.871337890625,0,-0.1843536462978327
2025-12-06 21:00:00,3044.0224609375,0,-0.1748543917514579
2025-12-06 22:00:00,3043.82177734375,0,-0.09315872271665136
2025-12-06 23:00:00,3039.8974609375,0,-0.27248555575360817
2025-12-07 00:00:00,3046.7470703125,4467712,-0.3766194777066551
2025-12-07 01:00:00,3047.244140625,0,0.005068564948114011
2025-12-07 02:00:00,3055.543701171875,0,-0.11174455058474665
2025-12-07 03:00:00,3054.742431640625,0,0.1250345286877044
2025-12-07 04:00:00,3047.50439453125,0,-0.14258712814404756
2025-12-07 05:00:00,3046.503662109375,0,-0.1681318014328175
2025-12-07 06:00:00,3048.8876953125,0,-0.6323379517472296
2025-12-07 07:00:00,3037.36083984375,0,0.018567523154269232
2025-12-07 08:00:00,3036.233154296875,0,-0.3213300667829505
2025-12-07 09:00:00,3031.366943359375,0,0.0631212417329352
2025-12-07 10:00:00,3039.82958984375,168647680,0.06272723413362252
2025-12-07 11:00:00,3037.78125,0,-0.2733843169463115
2025-12-07 12:00:00,3048.7685546875,0,-0.48276642295172445
2025-12-07 13:00:00,3033.550537109375,352687104,-0.3727176522053874
2025-12-07 14:00:00,2944.546142578125,1965205504,-0.33633563118115345
2025-12-07 15:00:00,3020.612548828125,741505024,-0.03706335541508484
2025-12-07 16:00:00,3029.12646484375,1807972352,-0.11949960993044201
2025-12-07 17:00:00,3114.578125,2291304448,-0.1086384304154439
2025-12-07 18:00:00,3130.412353515625,846891008,-0.323268078552241
2025-12-07 19:00:00,3136.786376953125,144906240,-0.1602358298574672
2025-12-07 20:00:00,3142.60498046875,179986432,-0.11160587383484154
2025-12-07 21:00:00,3079.352783203125,186910720,0.07003233296612213
2025-12-07 22:00:00,3035.4638671875,1428424704,-0.4630755521650128
2025-12-07 23:00:00,3058.16015625,555237376,-0.11507928292713326
2025-12-08 00:00:00,3064.425048828125,439054336,0.024655244679092112
2025-12-08 01:00:00,3098.811279296875,931342336,0.05421119914584932
2025-12-08 02:00:00,3112.21923828125,540616704,-0.029515160284780392
2025-12-08 03:00:00,3110.774658203125,632518656,-0.20576088651245175
2025-12-08 04:00:00,3128.414794921875,280313856,-0.026710027907227568
2025-12-08 05:00:00,3130.844970703125,676642816,-0.3068919464165613
2025-12-08 06:00:00,3131.2783203125,828882944,0.12758631475408927
2025-12-08 07:00:00,3133.0234375,545067008,-0.003707101323112095
2025-12-08 08:00:00,3142.49267578125,0,-0.17188852919913677
2025-12-08 09:00:00,3158.74560546875,1717297152,-0.1544189267969687
2025-12-08 10:00:00,3160.376220703125,260954112,-0.2561853225765001
2025-12-08 11:00:00,3142.73583984375,633872384,-0.0648010343343994
2025-12-08 12:00:00,3132.46435546875,645773312,-0.08811069592383744
2025-12-08 13:00:00,3144.3037109375,555739136,0.1567911586918923
2025-12-08 14:00:00,3131.200439453125,0,-0.14392700581144158
2025-12-08 15:00:00,3105.726318359375,804646912,-0.016959722760356368
2025-12-08 16:00:00,3107.271240234375,362479616,0.06158592879927811
2025-12-08 17:00:00,3124.556640625,0,-0.06278416380566847
2025-12-08 18:00:00,3085.74755859375,0,-0.06883483377395995
2025-12-08 19:00:00,3117.89599609375,731219968,-0.0400368890785256
2025-12-08 20:00:00,3132.939697265625,0,0.06839168778301967
2025-12-08 21:00:00,3148.990478515625,0,-0.053820073203720106
2025-12-08 22:00:00,3128.982421875,0,-0.010417279656393986
2025-12-08 23:00:00,3124.172119140625,0,-0.12386755626660857
2025-12-09 00:00:00,3119.3486328125,0,0.025065796601205698
2025-12-09 01:00:00,3106.744140625,0,-0.027344648822828766
2025-12-09 02:00:00,3101.8095703125,0,-0.049921867068818584
2025-12-09 03:00:00,3127.30322265625,141725696,-0.26498124089863034
2025-12-09 04:00:00,3107.71044921875,339963904,0.09942326515449627
2025-12-09 05:00:00,3108.579833984375,0,0.03562961688318774
2025-12-09 06:00:00,3112.36572265625,0,-0.20663171599032545
2025-12-09 07:00:00,3122.6279296875,0,0.0333589979995088
2025-12-09 08:00:00,3121.35400390625,0,0.02326658103905866
2025-12-09 09:00:00,3106.611083984375,0,-0.2714523431649737
2025-12-09 10:00:00,3105.581787109375,0,0.26468377192707065
2025-12-09 11:00:00,3119.150146484375,0,-0.09723662787923702
2025-12-09 12:00:00,3137.72119140625,0,-0.13627063434549166
2025-12-09 13:00:00,3117.155029296875,0,-0.12452720943997374
2025-12-09 14:00:00,3113.263916015625,0,-0.014861192712481656
2025-12-09 15:00:00,3251.046142578125,1590112256,-0.1807807391984626
2025-12-09 16:00:00,3370.50634765625,4641724416,-0.1508414777532269
2025-12-09 17:00:00,3371.166015625,2470152192,-0.03622231257584731
2025-12-09 18:00:00,3376.363525390625,161785856,-0.022804613240304045
2025-12-09 19:00:00,3359.63623046875,0,-0.11971387492886598
2025-12-09 20:00:00,3328.62255859375,941395968,-0.027184753250546513
2025-12-09 21:00:00,3302.547607421875,538664960,-0.07422999283853572
2025-12-09 22:00:00,3334.795654296875,921624576,0.04462804776402146
2025-12-09 23:00:00,3322.390869140625,0,-0.03928805195111096
2025-12-10 00:00:00,3309.7099609375,0,-0.00016648743924501977
2025-12-10 01:00:00,3305.150390625,426586112,0.0989792572839035
2025-12-10 02:00:00,3306.47265625,143990784,-0.13576209716685622
2025-12-10 03:00:00,3309.9404296875,0,0.07197299821658258
2025-12-10 04:00:00,3323.865966796875,429209600,0.04274059284859771
2025-12-10 05:00:00,3323.8701171875,0,0.025327428884160428
2025-12-10 06:00:00,3326.0673828125,0,0.19029827623062037
2025-12-10 07:00:00,3324.6826171875,0,-0.11682524567061889
2025-12-10 08:00:00,3324.39892578125,357120000,-0.00751516838024754
2025-12-10 09:00:00,3345.78662109375,0,-0.1681373454023616
2025-12-10 10:00:00,3319.45849609375,1228859392,-0.13772569285349207
2025-12-10 11:00:00,3317.935302734375,813248512,-0.1235190325723653
2025-12-10 12:00:00,3326.189208984375,0,-0.17073790895602955
2025-12-10 13:00:00,3334.7841796875,0,-0.0018862317547213522
2025-12-10 14:00:00,3315.534423828125,62406656,-0.004787038575592175
2025-12-10 15:00:00,3324.817138671875,0,0.04930461451388006
2025-12-10 16:00:00,3351.38916015625,0,-0.20294891347085417
2025-12-10 17:00:00,3368.726806640625,0,0.01406010426111534
2025-12-10 18:00:00,3383.205322265625,0,-0.09771596281091495
2025-12-10 19:00:00,3392.02880859375,4628885504,-0.22942496864694123
2025-12-10 20:00:00,3354.81494140625,1391419392,-0.11584559995157696
2025-12-10 21:00:00,3348.7421875,1015758848,0.06653832515506827
2025-12-10 22:00:00,3349.62353515625,0,-0.1295358302193481
2025-12-10 23:00:00,3328.126708984375,215865344,-0.14984019539044724
2025-12-11 00:00:00,3279.1552734375,25944064,-0.0799887004762475
2025-12-11 01:00:00,3255.69580078125,992378880,-0.12096740370395467
2025-12-11 02:00:00,3210.282958984375,1146746880,-0.3483066169432768
2025-12-11 03:00:00,3191.49658203125,1526624256,-0.1964488031463442
2025-12-11 04:00:00,3215.967041015625,159752192,-0.4198415249099665
2025-12-11 05:00:00,3214.044921875,531988480,-0.18091295423316175
2025-12-11 06:00:00,3203.038818359375,165036032,-0.07157094471917004
2025-12-11 07:00:00,3201.47802734375,0,-0.1261892673939248
2025-12-11 08:00:00,3196.509521484375,0,-0.023257947649079035
2025-12-11 09:00:00,3197.19580078125,7331840,-0.07947693683228954
2025-12-11 10:00:00,3198.549072265625,0,-0.25104797133693985
2025-12-11 11:00:00,3196.67431640625,0,0.10658700791336063
2025-12-11 12:00:00,3199.528076171875,0,-0.20692643368787547
2025-12-11 13:00:00,3192.023681640625,0,-0.11829508449333923
2025-12-11 14:00:00,3166.3857421875,0,-0.023607530371751426
2025-12-11 15:00:00,3180.151123046875,2239084544,-0.17469545935007094
2025-12-11 16:00:00,3173.212158203125,0,0.00986354351253966
2025-12-11 17:00:00,3183.6806640625,594286592,-0.07484996905724514
2025-12-11 18:00:00,3199.3837890625,0,-0.10046972706790146
2025-12-11 19:00:00,3194.64892578125,0,-0.10803228898262579
2025-12-11 20:00:00,3226.05029296875,0,-0.09807957291031047
2025-12-11 21:00:00,3250.107177734375,525832192,-0.004702949542319622
2025-12-11 22:00:00,3241.33447265625,345501696,-0.038374367575361765
2025-12-11 23:00:00,3236.83154296875,0,-0.26822624550173824
2025-12-12 00:00:00,3201.95263671875,0,-0.09117723717843533
2025-12-12 01:00:00,3232.734375,288616448,0.08549806555612965
2025-12-12 02:00:00,3258.979248046875,0,-0.12570264039511267
2025-12-12 03:00:00,3247.02294921875,0,0.008939993207980395
2025-12-12 04:00:00,3248.579833984375,0,-0.09561128194992642
2025-12-12 05:00:00,3247.919921875,0,-0.4395539523709303
2025-12-12 06:00:00,3254.0361328125,62642176,-0.1620915948629107
2025-12-12 07:00:00,3248.080810546875,181843968,-0.10774959496491542
2025-12-12 08:00:00,3244.049072265625,0,-0.011198048025533551
2025-12-12 09:00:00,3253.91650390625,11712512,-0.2485441412797648
2025-12-12 10:00:00,3246.406494140625,0,-0.2736019783472881
2025-12-12 11:00:00,3240.902587890625,321988608,-0.0023856048589782075
2025-12-12 12:00:00,3247.606689453125,0,0.007715287857817563
2025-12-12 13:00:00,3240.78271484375,95016960,0.0582039984648454
2025-12-12 14:00:00,3236.223876953125,0,-0.09017708608892339
2025-12-12 15:00:00,3066.207275390625,1934045184,0.10579850330539732
2025-12-12 16:00:00,3065.14501953125,2782128128,-0.06275775183452971
2025-12-12 17:00:00,3067.398681640625,747491328,-0.2101089741284394
2025-12-12 18:00:00,3083.844482421875,0,-0.057281397597972926
2025-12-12 19:00:00,3070.733642578125,0,-0.11823406330648578
2025-12-12 20:00:00,3077.9365234375,0,-0.05844033079168421
2025-12-12 21:00:00,3083.669677734375,0,-0.06816298075044047
2025-12-12 22:00:00,3092.587890625,0,0.008648104426442801
2025-12-12 23:00:00,3083.76025390625,0,-0.12381225680157924
2025-12-13 00:00:00,3086.72509765625,0,-0.02227087622773987
2025-12-13 01:00:00,3083.322265625,0,-0.20782224236524424
2025-12-13 02:00:00,3085.422607421875,0,-0.26007017089602286
2025-12-13 03:00:00,3089.718505859375,0,0.18959939647630755
2025-12-13 04:00:00,3091.013427734375,26685440,-0.0013323386622170253
2025-12-13 05:00:00,3089.306884765625,0,-0.15242508113271833
2025-12-13 06:00:00,3094.7265625,0,-0.004566158109019272
2025-12-13 07:00:00,3095.202880859375,0,-0.05903878309820571
2025-12-13 08:00:00,3115.841796875,145068032,-0.1050691058917711
2025-12-13 09:00:00,3120.022216796875,0,0.36316037692055253
2025-12-13 10:00:00,3127.29052734375,45084672,-0.018489941749692613
2025-12-13 11:00:00,3119.970458984375,0,-0.24523383295594778
2025-12-13 12:00:00,3115.149169921875,0,-0.004239260483718486
2025-12-13 13:00:00,3110.202880859375,0,-0.2368739665504754
2025-12-13 14:00:00,3112.646240234375,0,-0.0362082856533479
2025-12-13 15:00:00,3111.19775390625,0,-0.061965947054740664
2025-12-13 16:00:00,3106.3232421875,0,0.21273485394448224
2025-12-13 17:00:00,3100.974365234375,0,-0.3221310258689658
2025-12-13 18:00:00,3101.3818359375,0,-0.3717722013027151
2025-12-13 19:00:00,3109.46728515625,0,-0.1542245932901975
2025-12-13 20:00:00,3103.813720703125,0,-0.2784222686612719
2025-12-13 21:00:00,3112.694091796875,0,-0.4297848242828188
2025-12-13 22:00:00,3112.491943359375,0,-0.060023293401067004
2025-12-13 23:00:00,3116.415771484375,152642560,-0.12977482914991387
2025-12-14 00:00:00,3118.32373046875,171722752,-0.05200223443204009
2025-12-14 01:00:00,3119.53759765625,0,-0.03690477388038043
2025-12-14 02:00:00,3123.214599609375,31511552,-0.1690507722830008
2025-12-14 03:00:00,3119.804931640625,0,-0.09194842464748687
2025-12-14 04:00:00,3111.044677734375,69629952,-0.290439535506053
2025-12-14 05:00:00,3112.4873046875,114367488,0.032966920588094015
2025-12-14 06:00:00,3110.545654296875,0,0.022934277403676658
2025-12-14 07:00:00,3115.837158203125,0,-0.3565555118617761
2025-12-14 08:00:00,3112.5244140625,0,-0.6995614967541844
2025-12-14 09:00:00,3109.6884765625,14087168,-0.17151423383540648
2025-12-14 10:00:00,3108.2314453125,0,-0.42571403992198115
2025-12-14 11:00:00,3085.380126953125,1001968640,-0.3399997464002501
2025-12-14 12:00:00,3099.6337890625,636713984,-0.23822687960570654
2025-12-14 13:00:00,3097.07763671875,51499008,-0.004273611596277704
2025-12-14 14:00:00,3086.24609375,165836800,0.004184777423042403
2025-12-14 15:00:00,3085.00146484375,316143616,-0.2888943338659067
2025-12-14 16:00:00,3091.1162109375,178146304,-0.3617695058902972
2025-12-14 17:00:00,3086.27734375,486354944,-0.3967009273213676
2025-12-14 18:00:00,3104.09423828125,951208960,-0.18076928522281807
2025-12-14 19:00:00,3091.444091796875,771019776,-0.6325928433776606
2025-12-14 20:00:00,3084.273681640625,677328896,-0.1478260266775396
2025-12-14 21:00:00,3082.303955078125,0,-0.17270762047467708
2025-12-14 22:00:00,3070.7607421875,380128256,-0.2370007673124702
2025-12-14 23:00:00,3059.845458984375,898619392,0.03185656911254541
2025-12-15 00:00:00,3075.90478515625,438340608,-0.16558122844998943
2025-12-15 01:00:00,3111.84228515625,940524544,-0.08957262678102244
2025-12-15 02:00:00,3121.8662109375,1234911232,-0.14838656753480903
2025-12-15 03:00:00,3112.11962890625,0,-0.27077925533638747
2025-12-15 04:00:00,3125.2060546875,713091072,-0.40885976519214434
2025-12-15 05:00:00,3119.753662109375,48187392,-0.23322767343219172
2025-12-15 06:00:00,3137.595703125,296888320,-0.3734908057257874
2025-12-15 07:00:00,3129.625244140625,528713728,-0.1475684081358886
2025-12-15 08:00:00,3140.456787109375,497575936,0.071911705396313
2025-12-15 09:00:00,3153.935302734375,350394368,-0.30480559411700126
2025-12-15 10:00:00,3158.367919921875,516954112,-0.19769937181222727
2025-12-15 11:00:00,3156.67822265625,0,-0.17886960560904497
2025-12-15 12:00:00,3157.72705078125,0,-0.08728759877037265
2025-12-15 13:00:00,3133.573486328125,660609024,-0.31588838691789123
2025-12-15 14:00:00,3053.501953125,367517696,-0.017007048247819255
2025-12-15 15:00:00,3005.4951171875,4318529536,-0.1736645352929507
2025-12-15 16:00:00,2982.13134765625,1613365248,-0.280702848645767
2025-12-15 17:00:00,2934.41015625,642398208,-0.17258530119107954
2025-12-15 18:00:00,2937.370849609375,607449088,-0.15733405583856344
2025-12-15 19:00:00,2943.849365234375,1063161856,-0.19803202614880244
2025-12-15 20:00:00,2930.490478515625,251383808,-0.10274489437046101
2025-12-15 21:00:00,2943.828125,278282240,0.03850944448101204
2025-12-15 22:00:00,2947.885009765625,139417600,-0.20391523298258155
2025-12-15 23:00:00,2964.2216796875,0,-0.1553254894519476
2025-12-16 00:00:00,2945.362060546875,0,-0.26226778895809466
2025-12-16 01:00:00,2946.838134765625,0,-0.11947621582072486
2025-12-16 02:00:00,2945.640869140625,0,-0.31543418794887457
2025-12-16 03:00:00,2936.011962890625,382806016,-0.14481771639108715
2025-12-16 04:00:00,2916.924560546875,792018944,-0.19250238246514734
2025-12-16 05:00:00,2923.98681640625,457271296,-0.006148882535275408
2025-12-16 06:00:00,2948.611572265625,0,-0.3289510051517245
2025-12-16 07:00:00,2924.55712890625,329992192,-0.3668180185526892
2025-12-16 08:00:00,2928.45947265625,53256192,-0.020219121570930913
2025-12-16 09:00:00,2925.512451171875,0,-0.26653408648223675
2025-12-16 10:00:00,2949.212158203125,0,-0.27791393257673946
2025-12-16 11:00:00,2956.968994140625,49289216,-0.323879384031673
2025-12-16 12:00:00,2952.00341796875,350076928,-0.27651735659380916
2025-12-16 13:00:00,2918.224609375,738617344,-0.1354572690329927
2025-12-16 14:00:00,2939.184814453125,51959808,-0.1577195658669693
2025-12-16 15:00:00,2965.499755859375,0,-0.11660624196828037
2025-12-16 16:00:00,2941.790771484375,0,-0.3497769509799171
2025-12-16 17:00:00,2921.924560546875,0,-0.010454206146217808
2025-12-16 18:00:00,2951.362060546875,0,-0.24057598446516232
2025-12-16 19:00:00,2946.047119140625,0,-0.14237145136239093
2025-12-16 20:00:00,2949.601806640625,0,-0.31732691243799055
2025-12-16 21:00:00,2950.706298828125,0,-0.1502869140413499
2025-12-16 22:00:00,2953.079833984375,0,-0.053229783996754126
2025-12-16 23:00:00,2964.03759765625,0,-0.060342351227198214
2025-12-17 00:00:00,2949.511474609375,0,-0.14314893935835507
2025-12-17 01:00:00,2951.830078125,0,-0.312498424290636
2025-12-17 02:00:00,2958.7509765625,0,-0.17342699606961404
2025-12-17 03:00:00,2946.284423828125,0,-0.35317148278613225
2025-12-17 04:00:00,2932.177978515625,0,-0.08601902279988019
2025-12-17 05:00:00,2929.70361328125,0,-0.19654499054852212
2025-12-17 06:00:00,2935.56494140625,0,-0.1854088984905836
2025-12-17 07:00:00,2947.23974609375,0,-0.34887629048410423
2025-12-17 08:00:00,2923.665771484375,0,-0.09669895248616996
2025-12-17 09:00:00,2924.281494140625,96743424,-0.1190199690523035
2025-12-17 10:00:00,2918.578369140625,0,-0.4144513629232405
2025-12-17 11:00:00,2927.415283203125,0,-0.25916781867061317
2025-12-17 12:00:00,2925.14599609375,0,-0.10750400257598795
2025-12-17 13:00:00,2947.168212890625,0,0.011013379903961505
2025-12-17 14:00:00,2978.542724609375,0,-0.06795491287250016
2025-12-17 15:00:00,2903.1240234375,3700992000,-0.2776312828443912
2025-12-17 16:00:00,2858.326416015625,1791047680,-0.08784896237116767
2025-12-17 17:00:00,2849.715576171875,856555520,-0.02862498444550736
2025-12-17 18:00:00,2807.69775390625,130992128,-0.18735555420757596
2025-12-17 19:00:00,2817.488525390625,894646272,-0.1978189556414563
2025-12-17 20:00:00,2817.05224609375,465739776,-0.2076052747955615
2025-12-17 21:00:00,2818.875,25272320,-0.2091127434584297
2025-12-17 22:00:00,2834.62353515625,351053824,-0.05480946963713447
2025-12-17 23:00:00,2828.8994140625,346087424,-0.17682620442827504
2025-12-18 00:00:00,2834.904052734375,4341760,-0.25788766127572726
2025-12-18 01:00:00,2826.49609375,53432320,-0.18212132771937833
2025-12-18 02:00:00,2836.04736328125,188114944,0.013164108200676271
2025-12-18 03:00:00,2830.112060546875,104951808,-0.12628516183593483
2025-12-18 04:00:00,2837.102783203125,0,-0.5479080019710177
2025-12-18 05:00:00,2824.48291015625,0,-0.22155891787302504
2025-12-18 06:00:00,2829.787109375,0,0.007196547681633738
2025-12-18 07:00:00,2834.10888671875,0,0.057023054941237515
2025-12-18 08:00:00,2840.474365234375,313075712,-0.07205742160678437
2025-12-18 09:00:00,2852.02978515625,65705984,-0.29938972718174095
2025-12-18 10:00:00,2856.57666015625,0,-0.06188733084359879
2025-12-18 11:00:00,2857.33740234375,131139584,-0.3189982264973267
2025-12-18 12:00:00,2869.744873046875,35151872,-0.20220739604143476
2025-12-18 13:00:00,2962.4521484375,2312048640,-0.2114775221821187
2025-12-18 14:00:00,2950.174072265625,1426397184,-0.30655990219357276
2025-12-18 15:00:00,2962.066650390625,0,-0.18829774350175296
2025-12-18 16:00:00,2942.713623046875,0,-0.06743463126702533
2025-12-18 17:00:00,2836.9755859375,2232453120,0.07704434774565237
2025-12-18 18:00:00,2827.206298828125,0,-0.17740404318141353
2025-12-18 19:00:00,2783.97412109375,419762176,-0.13165638945389316
2025-12-18 20:00:00,2781.085205078125,0,-0.10028430232213688
2025-12-18 21:00:00,2827.700927734375,1754494976,-0.18721814753118998
2025-12-18 22:00:00,2827.13916015625,288497664,-0.08498266878457734
2025-12-18 23:00:00,2826.42041015625,0,-0.2701276407690707
2025-12-19 00:00:00,2828.61669921875,0,-0.26096657306024384
2025-12-19 01:00:00,2821.326904296875,52609024,-0.14528137052518963
2025-12-19 02:00:00,2834.67822265625,458334208,-0.26175986586817657
2025-12-19 03:00:00,2905.312744140625,2794678272,-0.13858414164227956
2025-12-19 04:00:00,2920.142822265625,1313556480,-0.3137018472931405
2025-12-19 05:00:00,2920.470703125,425615360,-0.044970862572798725
2025-12-19 06:00:00,2941.7431640625,377788416,-0.2777578228245408
2025-12-19 07:00:00,2948.78515625,1480904704,-0.26089116254940115
2025-12-19 08:00:00,2950.51123046875,296701952,-0.03821222950267886
2025-12-19 09:00:00,2952.03857421875,83009536,-0.06024612656172256
2025-12-19 10:00:00,2953.807373046875,0,-0.23014534977786985
2025-12-19 11:00:00,2963.337890625,0,-0.2458725876635547
2025-12-19 12:00:00,2955.535888671875,800555008,-0.04754663830866691
2025-12-19 13:00:00,2960.039306640625,0,0.019971064347651026
2025-12-19 14:00:00,2973.180908203125,0,-0.235224500681485
2025-12-19 15:00:00,2962.5654296875,1361610752,-0.2311462630534063
2025-12-19 16:00:00,2963.638671875,0,-0.11949268279640397
2025-12-19 17:00:00,2965.199462890625,0,-0.21335609374024556
2025-12-19 18:00:00,2966.32177734375,0,-0.2526810702801711
2025-12-19 19:00:00,2985.691650390625,0,-0.35957850754417975
2025-12-19 20:00:00,2989.663818359375,0,-0.05690479166764139
2025-12-19 21:00:00,2975.08447265625,0,-0.06744884434260955
2025-12-19 22:00:00,2985.910400390625,0,0.013046140218354154
2025-12-19 23:00:00,2977.831787109375,0,-0.10091888924085594
2025-12-20 00:00:00,2973.4130859375,0,-0.10868324140079898
2025-12-20 01:00:00,2975.222900390625,0,-0.062275428255518954
2025-12-20 02:00:00,2981.7490234375,0,-0.20710850052197255
2025-12-20 03:00:00,2987.524658203125,0,-0.22896868596344394
2025-12-20 04:00:00,2982.425537109375,0,-0.09188876869491645
2025-12-20 05:00:00,2980.879150390625,0,0.14291467544732436
2025-12-20 06:00:00,2979.5146484375,0,-0.008494522362347616
2025-12-20 07:00:00,2981.6953125,0,-0.04963121482407822
2025-12-20 08:00:00,2981.6669921875,0,-0.36568602666256456
2025-12-20 09:00:00,2982.482666015625,0,-0.2273086729960076
2025-12-20 10:00:00,2977.652587890625,0,-0.23013347652654997
2025-12-20 11:00:00,2985.638427734375,0,-0.11358033665088202
2025-12-20 12:00:00,2987.566650390625,0,-0.055956885398831056
2025-12-20 13:00:00,2979.568115234375,0,-0.32513479992104793
2025-12-20 14:00:00,2978.775146484375,0,-0.15600673769300452
2025-12-20 15:00:00,2975.836181640625,0,-0.367168519367384
2025-12-20 16:00:00,2977.4365234375,0,-0.17324373448037245
2025-12-20 17:00:00,2976.827392578125,0,-0.2834639478379706
2025-12-20 18:00:00,2976.8798828125,0,-0.15198786786469676
2025-12-20 19:00:00,2977.252685546875,0,-0.2498298921440073
2025-12-20 20:00:00,2983.4140625,0,-0.12702203934682263
2025-12-20 21:00:00,2978.493408203125,0,-0.33217989671339626
2025-12-20 22:00:00,2979.159912109375,0,0.03048804088518407
2025-12-20 23:00:00,2977.480712890625,0,-0.15262231929402156
2025-12-21 00:00:00,2977.765869140625,0,-0.3675302375279005
2025-12-21 01:00:00,2967.7783203125,180618240,0.030350069234230597
2025-12-21 02:00:00,2964.169677734375,236547584,-0.005132279700940169
2025-12-21 03:00:00,2972.1953125,0,-0.08551936588393644
2025-12-21 04:00:00,2974.374755859375,0,-0.6051945607566098
2025-12-21 05:00:00,2973.120361328125,0,-0.1331462972309376
2025-12-21 06:00:00,2975.196044921875,0,0.030763353387925574
2025-12-21 07:00:00,2980.037841796875,0,-0.3443608529733259
2025-12-21 08:00:00,2991.261962890625,624695296,-0.0661375345490459
2025-12-21 09:00:00,3001.458984375,422826496,-0.17397195117294795
2025-12-21 10:00:00,2995.26611328125,360475648,-0.1851851275720423
2025-12-21 11:00:00,2995.50927734375,30517760,-0.26206893165280043
2025-12-21 12:00:00,2988.220947265625,137246208,-0.25151506662078915
2025-12-21 13:00:00,2949.05419921875,400639488,-0.22496388601699005
2025-12-21 14:00:00,2969.415771484375,574442496,-0.06580915947225112
2025-12-21 15:00:00,2974.081298828125,173794304,-0.10429520432931581
2025-12-21 16:00:00,2983.18017578125,262068224,-0.1565647696100673
2025-12-21 17:00:00,2982.283935546875,165332992,-0.12006248315277154
2025-12-21 18:00:00,2985.873046875,172460032,-0.20264759295872903
2025-12-21 19:00:00,2991.44970703125,116648960,-0.17260738722222782
2025-12-21 20:00:00,2986.025634765625,286934016,-0.014054688131123717
2025-12-21 21:00:00,2972.307373046875,2908160,-0.1648192536445007
2025-12-21 22:00:00,2993.7626953125,200324096,-0.31218819926342195
2025-12-21 23:00:00,3002.174560546875,486839296,-0.3364458055693822
2025-12-22 00:00:00,3029.139404296875,718508032,-0.31756836487279805
2025-12-22 01:00:00,3021.741455078125,559491072,-0.11118470237869765
2025-12-22 02:00:00,3009.758056640625,1192200192,-0.14388131672203816
2025-12-22 03:00:00,3020.6689453125,351617024,-0.2117174979960737
2025-12-22 04:00:00,3038.37939453125,341238784,-0.5214322568976116
2025-12-22 05:00:00,3028.257080078125,349903872,-0.10082369678694159
2025-12-22 06:00:00,3025.677978515625,220242944,-0.02280809949007902
2025-12-22 07:00:00,3028.952880859375,255842304,-0.11068976475074686
2025-12-22 08:00:00,3026.685546875,160743424,0.21763045390049623
2025-12-22 09:00:00,3037.099853515625,39974912,-0.16488793369886837
2025-12-22 10:00:00,3040.643310546875,0,-0.22439128508028755
2025-12-22 11:00:00,3050.439697265625,484695040,-0.16626257588543983
2025-12-22 12:00:00,3058.827880859375,549950464,-0.13264336046263459
2025-12-22 13:00:00,3056.636962890625,0,-0.305969711535866
2025-12-22 14:00:00,3060.69384765625,1087454208,0.0077559755109459245
2025-12-22 15:00:00,3051.194091796875,553637888,-0.08383856281652603
2025-12-22 16:00:00,3041.59814453125,815692800,-0.0729636741212433
2025-12-22 17:00:00,3030.95263671875,367919104,-0.13955118627036606
2025-12-22 18:00:00,3013.02734375,0,-0.02394735352256286
2025-12-22 19:00:00,2978.859619140625,1121204224,-0.07452639457680833
2025-12-22 20:00:00,2981.097900390625,745062400,-0.20745059291052226
2025-12-22 21:00:00,2986.259521484375,299978752,-0.027940165473454164
2025-12-22 22:00:00,3008.123046875,74170368,-0.16775417203288856
2025-12-22 23:00:00,3006.140869140625,142163968,0.053413271560118214
2025-12-23 00:00:00,3026.31298828125,0,-0.05124482818385394
2025-12-23 01:00:00,3016.9619140625,0,-0.18397207189497836
2025-12-23 02:00:00,2990.09228515625,0,0.08530003252568324
2025-12-23 03:00:00,2992.5576171875,282290176,-0.048746349005559325
2025-12-23 04:00:00,2982.86962890625,0,-0.1302470064579723
2025-12-23 05:00:00,2974.22314453125,517097472,-0.12489208803116475
2025-12-23 06:00:00,2958.77587890625,830982144,-0.3966798129310647
2025-12-23 07:00:00,2963.038818359375,468858880,-0.1506061429376666
2025-12-23 08:00:00,2960.0,0,0.04024017803183572
2025-12-23 09:00:00,2962.8115234375,0,-0.11230649868814248
2025-12-23 10:00:00,2965.499267578125,0,-0.07171819460757808
2025-12-23 11:00:00,2972.09130859375,0,-0.4157694545649235
2025-12-23 12:00:00,2956.14697265625,0,-0.08115518257687337
2025-12-23 13:00:00,2943.0498046875,417650688,-0.024003709934628942
2025-12-23 14:00:00,2909.028076171875,161972224,-0.17244817312016195
2025-12-23 15:00:00,2926.46875,0,-0.05723661633217378
2025-12-23 16:00:00,2957.37109375,404998144,-0.1492436883851306
2025-12-23 17:00:00,2918.42578125,569344,-0.20721856798532134
2025-12-23 18:00:00,2946.8466796875,1065633792,-0.35339753621553915
2025-12-23 19:00:00,2940.939208984375,0,-0.15684497541992737
2025-12-23 20:00:00,2967.838134765625,0,-0.2163591360011169
2025-12-23 21:00:00,2972.0830078125,148391936,-0.25550314687841513
2025-12-23 22:00:00,2956.595703125,260423680,-0.1380398318262947
2025-12-23 23:00:00,2964.407958984375,484986880,-0.09804078006112608
2025-12-24 00:00:00,2969.968994140625,0,-0.12087734053893988
2025-12-24 01:00:00,2964.336669921875,0,-0.1536222309022373
2025-12-24 02:00:00,2935.697509765625,0,-0.12539149855649115
2025-12-24 03:00:00,2943.884765625,0,-0.03797354263776218
2025-12-24 04:00:00,2934.769287109375,0,-0.28285956355393127
2025-12-24 05:00:00,2927.510498046875,0,-0.234743579462443
2025-12-24 06:00:00,2930.25341796875,0,-0.19324554042921308
2025-12-24 07:00:00,2932.99951171875,0,-0.14245009644024087
2025-12-24 08:00:00,2921.3447265625,576878592,-0.4401344102091377
2025-12-24 09:00:00,2918.016357421875,194136064,-0.037912318517272184
2025-12-24 10:00:00,2926.897705078125,105639936,0.049601331946997354
2025-12-24 11:00:00,2923.97216796875,42594304,-0.15110315578925348
2025-12-24 12:00:00,2935.78369140625,0,-0.17588590539846471
2025-12-24 13:00:00,2929.66162109375,0,-0.22777532880254203
2025-12-24 14:00:00,2910.096435546875,0,-0.290987700137382
2025-12-24 15:00:00,2920.428955078125,0,-0.12590829967773212
2025-12-24 16:00:00,2936.624267578125,0,-0.0800263362210032
2025-12-24 17:00:00,2934.86767578125,0,-0.27678587300450636
2025-12-24 18:00:00,2939.904541015625,0,-0.23347617478724336
2025-12-24 19:00:00,2944.109375,0,-0.058689645607453135
2025-12-24 20:00:00,2940.71533203125,0,-0.15160242109791294
2025-12-24 21:00:00,2946.30908203125,0,-0.13031209743075656
2025-12-24 22:00:00,2957.55029296875,0,-0.4036579923177372
2025-12-24 23:00:00,2945.6787109375,0,-0.31408377541484084
2025-12-25 00:00:00,2936.795654296875,255660032,-0.08977646629412973
2025-12-25 01:00:00,2946.78369140625,0,-0.23747216148627942
2025-12-25 02:00:00,2951.417236328125,0,-0.43275764948453177
2025-12-25 03:00:00,2945.437255859375,0,-0.09894552959399797
2025-12-25 04:00:00,2943.414794921875,0,-0.12757472207264353
2025-12-25 05:00:00,2940.173828125,0,-0.1757265879109392
2025-12-25 06:00:00,2941.34033203125,0,-0.1178263341865434
2025-12-25 07:00:00,2940.42236328125,0,-0.31490601475037927
2025-12-25 08:00:00,2927.821044921875,77110272,-0.33700471568030105
2025-12-25 09:00:00,2926.842041015625,0,0.020466592889586327
2025-12-25 10:00:00,2918.34326171875,0,-0.6998093532956654
2025-12-25 11:00:00,2923.493408203125,0,-0.61033908765032
2025-12-25 12:00:00,2926.78076171875,0,-0.13151626235890432
2025-12-25 13:00:00,2930.49365234375,76681216,-0.2384935611331493
2025-12-25 14:00:00,2931.951904296875,0,-0.4856910428789833
2025-12-25 15:00:00,2959.54443359375,334787584,-0.13227517732733016
2025-12-25 16:00:00,2947.75146484375,0,-0.34649526027436844
2025-12-25 17:00:00,2951.457763671875,41211904,-0.12010186788096829
2025-12-25 18:00:00,2957.193359375,57108480,-0.13888920611697175
2025-12-25 19:00:00,2954.782470703125,0,-0.19222857219414996
2025-12-25 20:00:00,2948.217041015625,0,0.0016226782539681744
2025-12-25 21:00:00,2945.012939453125,0,-0.5277654776275146
2025-12-25 22:00:00,2920.345947265625,82857984,-0.14205802695392075
2025-12-25 23:00:00,2901.83984375,928277504,-0.1496809163782401
2025-12-26 00:00:00,2899.992919921875,419676160,-0.2432684055809376
2025-12-26 01:00:00,2917.71484375,216308736,-0.5327637543289528
2025-12-26 02:00:00,2970.001708984375,2026872832,-0.16155828221338187
2025-12-26 03:00:00,2963.148193359375,602258432,-0.44164475509387235
2025-12-26 04:00:00,2969.0009765625,342023168,-0.3689717766856797
2025-12-26 05:00:00,2971.49169921875,0,-0.27700946054741604
2025-12-26 06:00:00,2975.894287109375,363164672,-0.44615374437872324
2025-12-26 07:00:00,2954.01806640625,991275008,-0.2532416695829804
2025-12-26 08:00:00,2961.66064453125,0,-0.23499111076663892
2025-12-26 09:00:00,2971.152099609375,311344128,-0.162897035348383
2025-12-26 10:00:00,2970.2802734375,0,-0.1985055765138245
2025-12-26 11:00:00,2963.53662109375,55972864,-0.6040558017824927
2025-12-26 12:00:00,2970.522216796875,98643968,-0.3774913725708103
2025-12-26 13:00:00,2983.252685546875,165995520,-0.12181244243975038
2025-12-26 14:00:00,2916.15234375,1181560832,-0.35274799491162656
2025-12-26 15:00:00,2917.00830078125,1289965568,-0.23710349506847922
2025-12-26 16:00:00,2906.25341796875,0,-0.2417644065517214
2025-12-26 17:00:00,2917.623291015625,0,-0.3712869727506985
2025-12-26 18:00:00,2920.9365234375,0,-0.18519365908532945
2025-12-26 19:00:00,2923.395751953125,199389184,-0.2030566939000536
2025-12-26 20:00:00,2931.252197265625,123514880,-0.2943759112808304
2025-12-26 21:00:00,2924.911865234375,93710336,-0.19612151277351406
2025-12-26 22:00:00,2926.706298828125,0,-0.26499704883102493
2025-12-26 23:00:00,2926.571533203125,0,0.04830350556898912
2025-12-27 00:00:00,2925.488037109375,0,-0.21320315279161586
2025-12-27 01:00:00,2925.86767578125,0,-0.3209883577219819
2025-12-27 02:00:00,2925.934814453125,0,-0.10561452911074276
2025-12-27 03:00:00,2930.939453125,0,-0.4453180512635832
2025-12-27 04:00:00,2927.06201171875,0,-0.10994410338375608
2025-12-27 05:00:00,2929.055419921875,0,-0.3454194464382801
2025-12-27 06:00:00,2927.471923828125,0,-0.18129950534989794
2025-12-27 07:00:00,2930.83837890625,0,-0.11185489893085876
2025-12-27 08:00:00,2932.50244140625,0,-0.19963969133243903
2025-12-27 09:00:00,2934.2373046875,0,-0.15317460062988011
2025-12-27 10:00:00,2925.223388671875,234622976,-0.24360851871065262
2025-12-27 11:00:00,2929.788330078125,0,-0.18749983203141674
2025-12-27 12:00:00,2930.188720703125,15075328,-0.3693518346383701
2025-12-27 13:00:00,2928.5,0,-0.10302771800407677
2025-12-27 14:00:00,2928.117431640625,0,-0.13319594430887574
2025-12-27 15:00:00,2925.680419921875,0,-0.5692298270163224
2025-12-27 16:00:00,2917.72412109375,0,-0.19051066736001265
2025-12-27 17:00:00,2926.48583984375,0,-0.4722927098956509
2025-12-27 18:00:00,2923.918701171875,0,-0.28835910533705794
2025-12-27 19:00:00,2928.1318359375,0,-0.27018369200072784
2025-12-27 20:00:00,2927.36279296875,0,-0.3145982584637405
2025-12-27 21:00:00,2932.53271484375,0,-0.4480451863817078
2025-12-27 22:00:00,2934.7919921875,344103424,-0.23780160943076895
2025-12-27 23:00:00,2948.61865234375,269955072,-0.5544966840968935
2025-12-28 00:00:00,2943.35205078125,91450368,-0.4941722311647325
2025-12-28 01:00:00,2942.013916015625,37853184,-0.33498297439297137
2025-12-28 02:00:00,2945.314697265625,0,-0.20125914177342447
2025-12-28 03:00:00,2941.87646484375,0,-0.2152684701328434
2025-12-28 04:00:00,2937.255615234375,21769728,-0.2383186551816998
2025-12-28 05:00:00,2932.613037109375,131574784,-0.39356714937358767
2025-12-28 06:00:00,2940.883056640625,160886784,-0.356027316008781
2025-12-28 07:00:00,2936.674072265625,0,-0.4745669592369222
2025-12-28 08:00:00,2938.64208984375,8012288,-0.42121205763742287
2025-12-28 09:00:00,2934.766357421875,0,0.0969695119561225
2025-12-28 10:00:00,2941.386962890625,0,0.06680669572024642
2025-12-28 11:00:00,2941.292236328125,101426688,-0.2283333663915529
2025-12-28 12:00:00,2936.797607421875,132218880,-0.15243146935423665
2025-12-28 13:00:00,2937.566650390625,154483712,-0.20679315680591404
2025-12-28 14:00:00,2945.4130859375,385706496,-0.08889372737048071
2025-12-28 15:00:00,2947.0234375,251276800,-0.13138620014101773
2025-12-28 16:00:00,2940.73974609375,51923968,-0.17983584625298854
2025-12-28 17:00:00,2943.471923828125,62020608,-0.46804043283294045
2025-12-28 18:00:00,2929.767333984375,246336000,-0.16315386259984474
2025-12-28 19:00:00,2930.9375,602985472,-0.2482680727193934
2025-12-28 20:00:00,2930.4716796875,37246976,-0.18084371617459638
2025-12-28 21:00:00,2935.057861328125,132624384,-0.08917551790226948
2025-12-28 22:00:00,2948.23876953125,0,-0.38035279871497074
2025-12-28 23:00:00,2948.63623046875,26745856,-0.11643930823619042
2025-12-29 00:00:00,2964.69140625,585817088,-0.05042923031748496
2025-12-29 01:00:00,2977.811279296875,860483584,-0.0906601881588641
2025-12-29 02:00:00,2999.949951171875,1592903680,-0.36482838212360236
2025-12-29 03:00:00,3041.04296875,1480026112,-0.5268207486888427
2025-12-29 04:00:00,3038.344482421875,1540984832,-0.27288670361902667
2025-12-29 05:00:00,3035.4111328125,708436992,-0.15058661138716464
2025-12-29 06:00:00,3031.279052734375,852350976,-0.061183578577032646
2025-12-29 07:00:00,3016.01708984375,953388032,-0.3895472288221688
2025-12-29 08:00:00,3011.628173828125,0,-0.05063379635495703
2025-12-29 09:00:00,2971.322998046875,2790733824,-0.06376653110248011
2025-12-29 10:00:00,2962.388916015625,672532480,-0.06093489993689172
2025-12-29 11:00:00,2958.995849609375,419768320,0.10755572461603133
2025-12-29 12:00:00,2926.84326171875,2074908672,-0.2744137946729727
2025-12-29 13:00:00,2923.3046875,299042816,0.05699969204548254
2025-12-29 14:00:00,2924.34228515625,1026783232,-0.10176400444359408
2025-12-29 15:00:00,2934.919921875,0,-0.07259974617338824
2025-12-29 16:00:00,2934.29345703125,1494597632,-0.19841597069120537
2025-12-29 17:00:00,2939.280517578125,476338176,-0.1722343752737928
2025-12-29 18:00:00,2915.38720703125,0,-0.37303134488885437
2025-12-29 19:00:00,2929.19140625,653103104,-0.06273648932795568
2025-12-29 20:00:00,2928.07958984375,239747072,-0.07221662278898267
2025-12-29 21:00:00,2934.429443359375,341127168,-0.06982289593481594
2025-12-29 22:00:00,2935.423095703125,103970816,-0.05318345551530129
2025-12-29 23:00:00,2934.636962890625,0,-0.14310381402985806
2025-12-30 00:00:00,2933.583984375,629454848,-0.2322485466296306
2025-12-30 01:00:00,2932.244384765625,0,-0.1878652852436795
2025-12-30 02:00:00,2924.29248046875,0,-0.04252669381267384
2025-12-30 03:00:00,2949.9794921875,0,-0.3242987144691622
2025-12-30 04:00:00,2943.580078125,0,-0.2678548245559599
2025-12-30 05:00:00,2937.604248046875,0,-0.13285119148570715
2025-12-30 06:00:00,2941.52490234375,0,-0.17978240873507223
2025-12-30 07:00:00,2947.96533203125,0,-0.22568902000579052
2025-12-30 08:00:00,2975.139892578125,991815680,-0.296958566829906
2025-12-30 09:00:00,2982.0927734375,0,-0.25486451827617435
2025-12-30 10:00:00,2972.693115234375,0,-0.4177423380110647
2025-12-30 11:00:00,2973.38427734375,548505600,-0.31808269242588294
2025-12-30 12:00:00,2975.562744140625,0,-0.3987367537050789
2025-12-30 13:00:00,2984.80419921875,0,-0.11016251480997394
2025-12-30 14:00:00,2992.672119140625,395102208,-0.29818385070930714
2025-12-30 15:00:00,2988.70166015625,373927936,-0.08485174683244263
2025-12-30 16:00:00,2980.150146484375,497473536,-0.21105507734855478
2025-12-30 17:00:00,2975.11083984375,98277376,-0.15593153510338434
2025-12-30 18:00:00,2968.821044921875,0,-0.09755549957934652
2025-12-30 19:00:00,2969.270263671875,231821312,-0.27160804110884024
2025-12-30 20:00:00,2954.4130859375,0,-0.012106790692046536
2025-12-30 21:00:00,2964.32421875,0,-0.18128986333331437
2025-12-30 22:00:00,2965.51318359375,103802880,-0.1962914654458071
2025-12-30 23:00:00,2971.07470703125,35739648,-0.21686899582693
2025-12-31 00:00:00,2962.7763671875,0,-0.2202300155397297
2025-12-31 01:00:00,2977.18701171875,220676096,-0.4392522589391394
2025-12-31 02:00:00,2979.1708984375,0,-0.33619723423784276
2025-12-31 03:00:00,2966.845458984375,0,0.028569954291858962
2025-12-31 04:00:00,2965.254150390625,0,-0.42052675197976547
2025-12-31 05:00:00,2971.939697265625,0,-0.16480849975803746
2025-12-31 06:00:00,2971.85400390625,0,-0.27125074747537364
2025-12-31 07:00:00,2973.005615234375,0,-0.2905499237924357
2025-12-31 08:00:00,2965.532958984375,0,-0.30006372630329453
2025-12-31 09:00:00,2973.3974609375,0,-0.01637446110880155
2025-12-31 10:00:00,2976.234130859375,0,-0.4123502990164448
2025-12-31 11:00:00,2996.447509765625,920156160,-0.2020068510264599
2025-12-31 12:00:00,2984.39453125,402083840,-0.3416461419216109
2025-12-31 13:00:00,2993.206298828125,0,-0.3521381762079837
2025-12-31 14:00:00,2987.454833984375,0,-0.3064043438852634
2025-12-31 15:00:00,2984.0458984375,0,-0.09944919965947048
2025-12-31 16:00:00,2973.380126953125,78977024,-0.11545097458952197
2025-12-31 17:00:00,2971.193603515625,0,-0.073610477084915
2025-12-31 18:00:00,2970.682861328125,0,-0.14880867200266099
2025-12-31 19:00:00,2969.147216796875,0,0.0023795932701748917
2025-12-31 20:00:00,2973.102783203125,280030208,-0.29192999951245735
2025-12-31 21:00:00,2976.82763671875,217765888,-0.1901704616441505
2025-12-31 22:00:00,2971.34375,0,-0.07700244106587698
2025-12-31 23:00:00,2966.67724609375,0,-0.06810864124379513
2026-01-01 00:00:00,2975.56787109375,18416640,-0.1103125903215029
2026-01-01 01:00:00,2980.531005859375,0,-0.3018743429429967
2026-01-01 02:00:00,2978.314697265625,0,-0.0007156425914857442
2026-01-01 03:00:00,2975.044677734375,0,-0.04899388941816116
2026-01-01 04:00:00,2970.44873046875,208877568,0.09146056918404405
2026-01-01 05:00:00,2976.9990234375,0,-0.22975046790855097
2026-01-01 06:00:00,2971.58544921875,54566912,-0.12561512190933583
2026-01-01 07:00:00,2972.983154296875,15375360,-0.31693207458218375
2026-01-01 08:00:00,2976.521484375,0,0.2780502220139177
2026-01-01 09:00:00,2979.12353515625,0,-0.4465803461979711
2026-01-01 10:00:00,2979.83203125,0,0.04886967532597481
2026-01-01 11:00:00,2984.69140625,0,-0.10915437876763934
2026-01-01 12:00:00,2983.050048828125,0,0.14797081304073087
2026-01-01 13:00:00,2978.58642578125,0,-0.207949601645666
2026-01-01 14:00:00,2981.101806640625,0,0.04191289763129876
2026-01-01 15:00:00,2985.895263671875,0,-0.024875385765263124
2026-01-01 16:00:00,2978.204345703125,0,-0.47347375518095447
2026-01-01 17:00:00,2985.53564453125,127805440,-0.021040258022644046
2026-01-01 18:00:00,2985.534423828125,0,-0.35953504660096813
2026-01-01 19:00:00,2990.382568359375,0,0.00048247891248619007
2026-01-01 20:00:00,2985.07177734375,0,-0.2629577499930497
2026-01-01 21:00:00,2985.92041015625,0,-0.12204967880564055
2026-01-01 22:00:00,2995.52783203125,0,-0.037094601484704726
2026-01-01 23:00:00,3000.008544921875,532304896,0.016905258857253823
2026-01-02 00:00:00,3000.243408203125,107183104,-0.1208468025012315
2026-01-02 01:00:00,2999.454833984375,0,-0.12317962881392966
2026-01-02 02:00:00,2997.14306640625,139942912,-0.4651665669875572
2026-01-02 03:00:00,3015.828857421875,959923200,-0.337112152945192
2026-01-02 04:00:00,3007.662109375,61457408,-0.047330960768040775
2026-01-02 05:00:00,3012.938720703125,11150336,-0.3434703592796081
2026-01-02 06:00:00,3023.801025390625,373144576,0.14606043521853262
2026-01-02 07:00:00,3014.75830078125,167756800,-0.3006494214159583
2026-01-02 08:00:00,3027.795654296875,297450496,-0.10942570506631452
2026-01-02 09:00:00,3045.150390625,816431104,0.026162839067481892
2026-01-02 10:00:00,3053.092529296875,1105726464,-0.008429352200235662
2026-01-02 11:00:00,3044.208740234375,519932928,-0.33239767168626033
2026-01-02 12:00:00,3045.928955078125,112884736,-0.29491495437067394
2026-01-02 13:00:00,3047.539306640625,212579328,-0.3519804803003033
2026-01-02 14:00:00,3081.55908203125,2506894336,-0.2275761962678293
2026-01-02 15:00:00,3079.854736328125,1825603584,-0.14761432620229006
2026-01-02 16:00:00,3130.61083984375,2622435328,-0.25370981694262257
2026-01-02 17:00:00,3119.615966796875,850364416,0.07459718468901987
2026-01-02 18:00:00,3108.193115234375,955996160,-0.17138474163950357
2026-01-02 19:00:00,3121.933837890625,483645440,0.008943072403106558
2026-01-02 20:00:00,3117.00634765625,621211648,-0.06584918311307268
2026-01-02 21:00:00,3128.767578125,152004608,-0.2952867173457786
2026-01-02 22:00:00,3132.243408203125,544368640,-0.10506633829721539
2026-01-02 23:00:00,3123.247314453125,0,-0.15513190593528697
2026-01-03 00:00:00,3130.74267578125,0,-0.19290464914380878
2026-01-03 01:00:00,3130.75634765625,0,-0.2558929305687392
2026-01-03 02:00:00,3125.3994140625,130985984,-0.07813010220121394
2026-01-03 03:00:00,3124.680419921875,0,-0.1276934193464748
2026-01-03 04:00:00,3115.5029296875,0,-0.24615367516781975
2026-01-03 05:00:00,3111.31787109375,109076480,-0.24031971827484738
2026-01-03 06:00:00,3100.793701171875,0,0.06949953930604247
2026-01-03 07:00:00,3089.58984375,762585088,-0.238785352451319
2026-01-03 08:00:00,3094.9892578125,99258368,-0.041134273016508245
2026-01-03 09:00:00,3101.658447265625,0,-0.0655288671875797
2026-01-03 10:00:00,3098.723876953125,0,-0.32962953776135895
2026-01-03 11:00:00,3097.7080078125,0,0.003598566963775093
2026-01-03 12:00:00,3102.368408203125,0,-0.18662729959629984
2026-01-03 13:00:00,3101.752685546875,0,0.11263295910810558
2026-01-03 14:00:00,3103.59765625,0,-0.36684842041514604
2026-01-03 15:00:00,3100.09912109375,0,-0.2839646914193626
2026-01-03 16:00:00,3105.861328125,0,-0.16630822295635955
2026-01-03 17:00:00,3106.65771484375,0,-0.3134300669045952
2026-01-03 18:00:00,3113.670166015625,0,-0.12206923841820018
2026-01-03 19:00:00,3110.53662109375,0,0.0019509283187052692
2026-01-03 20:00:00,3113.6044921875,0,-0.20451608085633063
2026-01-03 21:00:00,3119.1376953125,0,-0.1393757213554794
2026-01-03 22:00:00,3120.401611328125,0,-0.1553521795575648
2026-01-03 23:00:00,3126.132080078125,0,-0.29417427508711275
2026-01-04 00:00:00,3157.856201171875,740203520,0.10854117389189542
2026-01-04 01:00:00,3148.8818359375,340408320,-0.07225123283782582
2026-01-04 02:00:00,3138.71630859375,31285248,-0.6175597330292807
2026-01-04 03:00:00,3147.560791015625,101932032,-0.18580324115910815
2026-01-04 04:00:00,3147.239501953125,41927680,0.2975707254237704
2026-01-04 05:00:00,3148.76220703125,0,-0.37082380810030496
2026-01-04 06:00:00,3139.539306640625,271675392,-0.06264140355219126
2026-01-04 07:00:00,3140.08203125,0,-0.14604996501160825
2026-01-04 08:00:00,3136.906005859375,28124160,-0.09215075284866243
2026-01-04 09:00:00,3142.4306640625,81894400,-0.192707939738682
2026-01-04 10:00:00,3144.255126953125,0,0.2970125047901263
2026-01-04 11:00:00,3136.73291015625,75822080,-0.17105262257617776
2026-01-04 12:00:00,3134.92431640625,48972800,-0.13170269243561816
2026-01-04 13:00:00,3138.672119140625,0,-0.5547783140389063
2026-01-04 14:00:00,3135.900634765625,21112832,-0.22145014734197252
2026-01-04 15:00:00,3132.9951171875,169393152,-0.544616599733223
2026-01-04 16:00:00,3137.522216796875,176715776,-0.258262108543252
2026-01-04 17:00:00,3135.954833984375,114500608,-0.16738081849540537
2026-01-04 18:00:00,3132.873046875,72679424,-0.17572517227099227
2026-01-04 19:00:00,3131.67919921875,280778752,-0.3080945562715109
2026-01-04 20:00:00,3139.14306640625,202824704,-0.2389176214953644
2026-01-04 21:00:00,3142.140380859375,23195648,-0.42644398860540295
2026-01-04 22:00:00,3136.595703125,49584128,-0.12332995121959625
2026-01-04 23:00:00,3140.0205078125,137719808,-0.14456989519582797
2026-01-05 00:00:00,3167.741943359375,76554240,-0.3279727280762852
2026-01-05 01:00:00,3196.2490234375,1269020672,-0.02039601746395572
2026-01-05 02:00:00,3191.404296875,838680576,-0.23629147450020777
2026-01-05 03:00:00,3184.06103515625,129143808,-0.02018912610411874
2026-01-05 04:00:00,3165.33935546875,405923840,-0.5237792032483649
2026-01-05 05:00:00,3149.62939453125,386692096,0.0546055014640221
2026-01-05 06:00:00,3156.71435546875,213664768,0.999999000001
2026-01-05 07:00:00,3156.392333984375,0,-0.3692591846723476
2026-01-05 08:00:00,3162.473876953125,0,-0.015557213994917987
2026-01-05 09:00:00,3166.494384765625,264913920,0.04437272147739501
2026-01-05 10:00:00,3172.56103515625,367486976,-0.06967787251475759
2026-01-05 11:00:00,3179.798828125,195069952,0.3542998947187883
2026-01-05 12:00:00,3168.712646484375,52129792,-0.08863898220310398
2026-01-05 13:00:00,3152.47705078125,647421952,-0.04299662827291327
2026-01-05 14:00:00,3165.548095703125,1174956032,-0.29432095376510575
2026-01-05 15:00:00,3191.71044921875,1661335552,0.11159418694647394
2026-01-05 16:00:00,3182.701904296875,933644288,0.04636520077272943
2026-01-05 17:00:00,3214.853759765625,0,-0.09230476121534785
2026-01-05 18:00:00,3223.40771484375,2622824448,-0.09752230272341705
2026-01-05 19:00:00,3220.554931640625,502104064,-0.29378586403832013
2026-01-05 20:00:00,3239.557861328125,1629661184,-0.08710965039306726
2026-01-05 21:00:00,3237.4384765625,478289920,-0.12291339486770991
2026-01-05 22:00:00,3240.296630859375,0,0.030655578443682403
2026-01-05 23:00:00,3227.2900390625,1826588672,0.1934234019091536
2026-01-06 00:00:00,3215.7998046875,0,-0.09146774027392851
2026-01-06 01:00:00,3217.783447265625,0,-0.12971706812922607
2026-01-06 02:00:00,3217.851318359375,0,0.15843802690036696
2026-01-06 03:00:00,3223.963623046875,0,-0.08254721838429192
2026-01-06 04:00:00,3224.73486328125,0,-0.5078285426316513
2026-01-06 05:00:00,3217.53515625,0,-0.08356333535100097
2026-01-06 06:00:00,3242.6044921875,247359488,-0.2879818050805389
2026-01-06 07:00:00,3218.2431640625,279439360,-0.12423449478736003
2026-01-06 08:00:00,3218.78955078125,41932800,-0.08876306360245304
2026-01-06 09:00:00,3222.337158203125,0,-0.4200622100529635
2026-01-06 10:00:00,3228.059814453125,0,-0.10689857981252415
2026-01-06 11:00:00,3236.55517578125,0,-0.07669873913921543
2026-01-06 12:00:00,3240.19287109375,1376724992,0.09973758438188589
2026-01-06 13:00:00,3235.38232421875,0,-0.15834947570949034
2026-01-06 14:00:00,3274.787841796875,2271938560,-0.028187837438267156
2026-01-06 15:00:00,3266.28076171875,140201984,-0.11655983078453483
2026-01-06 16:00:00,3247.845947265625,790597632,-0.16971141111232155
2026-01-06 17:00:00,3194.434326171875,0,-0.053603497000398584
2026-01-06 18:00:00,3219.240478515625,1022646272,0.08730599786977568
2026-01-06 19:00:00,3220.803466796875,0,-0.06971226609012914
2026-01-06 20:00:00,3241.7353515625,0,0.02281597188509297
2026-01-06 21:00:00,3275.384521484375,613296128,-0.04551266076800329
2026-01-06 22:00:00,3277.25830078125,0,-0.19217044569084668
2026-01-06 23:00:00,3297.575439453125,502956032,-0.13460416602975633
2026-01-07 00:00:00,3263.868896484375,0,-0.07494892362792814
2026-01-07 01:00:00,3243.206298828125,0,-0.1529267971458853
2026-01-07 02:00:00,3267.56689453125,279083008,-0.21325875374836023
2026-01-07 03:00:00,3264.334716796875,231419904,-0.09926928437130624
2026-01-07 04:00:00,3255.65185546875,0,-0.08740328341570873
2026-01-07 05:00:00,3246.263427734375,160589824,-0.24123609446569652
2026-01-07 06:00:00,3248.870361328125,0,-0.04346803470867864
2026-01-07 07:00:00,3251.6865234375,0,-0.27139795709828046
2026-01-07 08:00:00,3253.8046875,42057728,-0.3110497409187563
2026-01-07 09:00:00,3199.185302734375,1266386944,-0.21028434386663342
2026-01-07 10:00:00,3216.072998046875,528379904,-0.3259914090127404
2026-01-07 11:00:00,3218.352783203125,40656896,-0.11814756598101744
2026-01-07 12:00:00,3211.509521484375,0,-0.01375600190972008
2026-01-07 13:00:00,3208.943359375,0,-0.06253144087035331
2026-01-07 14:00:00,3189.0029296875,0,-0.04390472983503114
2026-01-07 15:00:00,3161.763916015625,277651456,-0.010535036034394735
2026-01-07 16:00:00,3155.96044921875,0,-0.0359128946381761
2026-01-07 17:00:00,3150.594970703125,0,-0.04640110807203558
2026-01-07 18:00:00,3139.7490234375,201748480,0.028171403013254433
2026-01-07 19:00:00,3144.63720703125,711804928,-0.09983315887609104
2026-01-07 20:00:00,3136.9423828125,0,-0.07694925113232928
2026-01-07 21:00:00,3147.8896484375,0,-0.13670493904712394
2026-01-07 22:00:00,3150.067626953125,0,-0.047261678342168156
2026-01-07 23:00:00,3167.15673828125,389586944,-0.09146006633992924
2026-01-08 00:00:00,3169.8701171875,0,-0.18120859603947673
2026-01-08 01:00:00,3172.994384765625,0,0.23689121268467178
2026-01-08 02:00:00,3155.228271484375,0,-0.09236564322715092
2026-01-08 03:00:00,3138.333984375,418846720,-0.08033080810253272
2026-01-08 04:00:00,3151.365234375,19730432,-0.07337714780969892
2026-01-08 05:00:00,3139.45068359375,0,-0.0798614169846639
2026-01-08 06:00:00,3105.690673828125,984309760,0.2030952719847967
2026-01-08 07:00:00,3124.7841796875,860196864,-0.09535594415194747
2026-01-08 08:00:00,3111.586181640625,371292160,-0.23562415340840684
2026-01-08 09:00:00,3107.8134765625,0,-0.19070241513961078
2026-01-08 10:00:00,3124.988525390625,0,-0.29937054982547895
2026-01-08 11:00:00,3114.342041015625,339949568,-0.23934997796703822
2026-01-08 12:00:00,3092.858642578125,651689984,-0.10370845012098731
2026-01-08 13:00:00,3092.73876953125,117501952,-0.08826926129190633
2026-01-08 14:00:00,3074.845458984375,0,-0.0017378712914968193
2026-01-08 15:00:00,3100.025390625,0,-0.3229197289262182
2026-01-08 16:00:00,3115.018310546875,119572480,-0.09283402223565135
2026-01-08 17:00:00,3130.441162109375,202854400,-0.14000281663284941
2026-01-08 18:00:00,3116.1474609375,0,-0.320223142495523
2026-01-08 19:00:00,3107.18359375,0,-0.10402904724863457
2026-01-08 20:00:00,3104.02734375,194365440,-0.2418453268263889
2026-01-08 21:00:00,3117.873779296875,113946624,-0.24771950239537602
2026-01-08 22:00:00,3115.511474609375,0,-0.23784161150690247
2026-01-08 23:00:00,3104.90087890625,0,-0.11700692937353857
2026-01-09 00:00:00,3112.942626953125,0,-0.04846914149517925
2026-01-09 01:00:00,3102.37939453125,972148736,-0.12173984114809992
2026-01-09 02:00:00,3104.445556640625,0,-0.04140568496073262
2026-01-09 03:00:00,3116.037353515625,0,-0.427463469494024
2026-01-09 04:00:00,3113.876953125,0,-0.38142734891577457
2026-01-09 05:00:00,3114.602783203125,0,-0.12613855203182073
2026-01-09 06:00:00,3119.947021484375,0,0.04577732548074314
2026-01-09 07:00:00,3109.462158203125,0,-0.27978956259407123
2026-01-09 08:00:00,3077.174072265625,402642944,-0.28842704386664564
2026-01-09 09:00:00,3088.24365234375,164421632,-0.2674933906201535
2026-01-09 10:00:00,3093.94970703125,0,-0.4230638965627631
2026-01-09 11:00:00,3086.2578125,0,-0.5293263512689099
2026-01-09 12:00:00,3080.854248046875,0,-0.2589746233736131
2026-01-09 13:00:00,3095.7822265625,320253952,-0.09663512064801572
2026-01-09 14:00:00,3071.538330078125,0,-0.3416073087245004
2026-01-09 15:00:00,3104.735107421875,696401920,-0.06396274894144367
2026-01-09 16:00:00,3130.600830078125,0,-0.026311212671371733
2026-01-09 17:00:00,3111.995849609375,586508288,-0.18227551569732534
2026-01-09 18:00:00,3092.549560546875,0,-0.1511000153849766
2026-01-09 19:00:00,3078.688720703125,310865920,-0.19609004745387057
2026-01-09 20:00:00,3068.219970703125,1880064,-0.17816978080069176
2026-01-09 21:00:00,3081.80908203125,137039872,-0.34896379534428623
2026-01-09 22:00:00,3081.27685546875,0,-0.15764316462475694
2026-01-09 23:00:00,3082.349365234375,0,-0.30433866097679974
2026-01-10 00:00:00,3079.271240234375,0,-0.11325876446161368
2026-01-10 01:00:00,3085.787841796875,0,-0.012396599060668105
2026-01-10 02:00:00,3083.209228515625,0,-0.34071612205542356
2026-01-10 03:00:00,3083.36474609375,0,-0.21665039059799443
2026-01-10 04:00:00,3076.19921875,0,0.06070270154962996
2026-01-10 05:00:00,3083.096923828125,127672320,-0.06909870850465952
2026-01-10 06:00:00,3083.2138671875,0,-0.1484732025763172
2026-01-10 07:00:00,3088.394775390625,0,0.23194984942237104
2026-01-10 08:00:00,3085.568603515625,0,-0.2641182521111937
2026-01-10 09:00:00,3091.360595703125,0,0.12873638694682224
2026-01-10 10:00:00,3095.50634765625,0,-0.5779219125217584
2026-01-10 11:00:00,3092.845947265625,0,-0.27671957251018253
2026-01-10 12:00:00,3094.68115234375,0,0.05613871463278216
2026-01-10 13:00:00,3090.42333984375,0,-0.20371768953091057
2026-01-10 14:00:00,3087.784912109375,0,-0.010206912482916459
2026-01-10 15:00:00,3091.57421875,0,-0.0462497010376612
2026-01-10 16:00:00,3091.415771484375,0,0.08510283453428329
2026-01-10 17:00:00,3088.100830078125,0,-0.037965999316313344
2026-01-10 18:00:00,3088.772216796875,0,-0.23125835420280597
2026-01-10 19:00:00,3087.744140625,0,-0.32970363951832093
2026-01-10 20:00:00,3085.600830078125,0,-0.18213985890892076
2026-01-10 21:00:00,3081.755859375,0,0.021052376535318353
2026-01-10 22:00:00,3077.60107421875,0,-0.32525509219168086
2026-01-10 23:00:00,3082.257568359375,3441664,-0.10130750425657094
2026-01-11 00:00:00,3087.770751953125,0,-0.2300644925936061
2026-01-11 01:00:00,3090.596435546875,0,-0.23686815686843332
2026-01-11 02:00:00,3089.2177734375,0,-0.284883863874362
2026-01-11 03:00:00,3093.1064453125,0,-0.11875054152851554
2026-01-11 04:00:00,3093.810791015625,0,-0.4126983104056759
2026-01-11 05:00:00,3094.983642578125,0,0.008333358194436952
2026-01-11 06:00:00,3093.713134765625,152817152,-0.6426024259147899
2026-01-11 07:00:00,3090.9921875,0,0.1224145105017584
2026-01-11 08:00:00,3099.843994140625,35798016,-0.29949881769554787
2026-01-11 09:00:00,3100.671630859375,126191104,0.35294084198418574
2026-01-11 10:00:00,3103.22216796875,0,-0.5333332420000211
2026-01-11 11:00:00,3100.307861328125,0,-0.12037034091221614
2026-01-11 12:00:00,3110.514892578125,120014336,-0.46241824694562683
2026-01-11 13:00:00,3106.173828125,450618880,0.33144778516685924
2026-01-11 14:00:00,3121.305419921875,117716992,-0.34455462602438386
2026-01-11 15:00:00,3113.384033203125,363073024,-0.2640166427520828
2026-01-11 16:00:00,3125.103271484375,1071072256,0.15398840502421024
2026-01-11 17:00:00,3122.4833984375,212979712,-0.2180896725456697
2026-01-11 18:00:00,3124.607177734375,116957184,-0.395353126601887
2026-01-11 19:00:00,3120.594970703125,135697408,-0.5398635531643245
2026-01-11 20:00:00,3110.252685546875,385731584,-0.23303616972381547
2026-01-11 21:00:00,3117.10791015625,230425600,0.23033728017723604
2026-01-11 22:00:00,3106.766845703125,140909568,-0.14861257774739212
2026-01-11 23:00:00,3118.01416015625,775766016,-0.5192219913958227
2026-01-12 00:00:00,3114.19091796875,748511232,-0.39569650488551794
2026-01-12 01:00:00,3120.4609375,726974464,-0.11244059913658545
2026-01-12 02:00:00,3155.760009765625,1088515072,-0.2673724693383431
2026-01-12 03:00:00,3147.87060546875,950786048,-0.17260694549600333
2026-01-12 04:00:00,3154.70849609375,231725056,-0.37153341188323274
2026-01-12 05:00:00,3154.66015625,647120896,0.10651911048433549
2026-01-12 06:00:00,3150.3076171875,71038976,-0.07769045840982858
2026-01-12 07:00:00,3132.477294921875,471626752,-0.31550280382745477
2026-01-12 08:00:00,3113.615234375,500078592,-0.2338929847908439
2026-01-12 09:00:00,3112.7421875,755955712,-0.24431623108371314
2026-01-12 10:00:00,3101.480712890625,220617728,-0.35474854737990347
2026-01-12 11:00:00,3112.355224609375,410492928,-0.44500899273079525
2026-01-12 12:00:00,3113.703857421875,120008704,-0.441981613443215
2026-01-12 13:00:00,3106.49462890625,0,-0.5725197147121577
2026-01-12 14:00:00,3099.5205078125,1870100480,-0.11269166008263289
2026-01-12 15:00:00,3126.194091796875,664250368,-0.3698408446283365
2026-01-12 16:00:00,3128.67236328125,0,-0.23402600264278234
2026-01-12 17:00:00,3102.7177734375,1376942080,-0.33394361692985297
2026-01-12 18:00:00,3106.080810546875,387160064,-0.048953586991452504
2026-01-12 19:00:00,3118.69189453125,0,-0.3010210246990245
2026-01-12 20:00:00,3099.43212890625,652263424,-0.13649302084368078
2026-01-12 21:00:00,3086.271240234375,43982848,-0.27115846804868904
2026-01-12 22:00:00,3093.86572265625,275621888,-0.18768684299279145
2026-01-12 23:00:00,3091.560302734375,0,-0.3115383047548812
2026-01-13 00:00:00,3105.563232421875,0,-0.13461886645279802
2026-01-13 01:00:00,3093.115234375,0,-0.2504108649068348
2026-01-13 02:00:00,3099.715576171875,0,-0.2508351901184859
2026-01-13 03:00:00,3112.822265625,0,-0.2532987560682354
2026-01-13 04:00:00,3118.1962890625,0,-0.1430892901203674
2026-01-13 05:00:00,3126.349609375,635043840,-0.1920964265104186
2026-01-13 06:00:00,3131.67822265625,131876864,-0.6377212916491105
2026-01-13 07:00:00,3119.456787109375,278200320,-0.1831268760441203
2026-01-13 08:00:00,3132.523193359375,0,-0.2542039133945776
2026-01-13 09:00:00,3134.86181640625,160770048,-0.3346919010975564
2026-01-13 10:00:00,3131.546142578125,0,-0.35436654164545967
2026-01-13 11:00:00,3130.64013671875,0,-0.33159199266824213
2026-01-13 12:00:00,3131.343505859375,149065728,-0.07937137468634184
2026-01-13 13:00:00,3138.9375,1286144000,-0.08561571208255961
2026-01-13 14:00:00,3144.048095703125,0,-0.3490592994473181
2026-01-13 15:00:00,3178.212890625,0,-0.11797490800938343
2026-01-13 16:00:00,3182.723876953125,1338040320,-0.43643132555969294
2026-01-13 17:00:00,3178.13818359375,0,-0.21313672878273263
2026-01-13 18:00:00,3198.866455078125,541349888,-0.20242501465966348
2026-01-13 19:00:00,3214.162353515625,431519744,-0.09133157051474466
2026-01-13 20:00:00,3203.44775390625,625682432,-0.030689349126938544
2026-01-13 21:00:00,3209.12353515625,292945920,-0.06465389278439797
2026-01-13 22:00:00,3328.763671875,4619548672,-0.16282149799898604
2026-01-13 23:00:00,3322.9404296875,1708054528,-0.28222736982828583
2026-01-14 00:00:00,3323.836181640625,1869944832,-0.2547224259671455
2026-01-14 01:00:00,3333.3125,601020416,-0.24382485348090221
2026-01-14 02:00:00,3323.0205078125,1277984768,-0.15893301019751016
2026-01-14 03:00:00,3347.151611328125,1420156928,-0.1249090431976078
2026-01-14 04:00:00,3336.825927734375,1087717376,-0.20232870060670588
2026-01-14 05:00:00,3328.727783203125,0,-0.25232716658534254
2026-01-14 06:00:00,3331.81640625,363354112,-0.31350742473841103
2026-01-14 07:00:00,3333.45849609375,530544640,-0.18173517077546772
2026-01-14 08:00:00,3326.9052734375,0,-0.23869478604648364
2026-01-14 09:00:00,3325.782470703125,0,-0.29903105031499616
2026-01-14 10:00:00,3312.41552734375,632317952,-0.24227666701129225
2026-01-14 11:00:00,3282.48046875,720166912,-0.16825536230858892
2026-01-14 12:00:00,3294.65478515625,446111744,-0.23377519090828427
2026-01-14 13:00:00,3300.42333984375,0,-0.21204893576189662
2026-01-14 14:00:00,3348.0380859375,902152192,0.03336227390733378
2026-01-14 15:00:00,3344.540771484375,1029189632,-0.06048506338122898
2026-01-14 16:00:00,3368.241455078125,13017088,0.0777385928900421
2026-01-14 17:00:00,3341.46826171875,1170444288,-0.008195333069530443
2026-01-14 18:00:00,3340.9208984375,808841216,-0.06255583916612004
2026-01-14 19:00:00,3364.776611328125,990535680,-0.01138660424830526
2026-01-14 20:00:00,3378.23876953125,444137472,0.07256617842574709
2026-01-14 21:00:00,3365.966796875,0,-0.038648898605759506
2026-01-14 22:00:00,3350.15673828125,0,-0.03893284512403797
2026-01-14 23:00:00,3354.6728515625,0,-0.12039782659257131
2026-01-15 00:00:00,3329.710693359375,0,-0.08252809327599314
2026-01-15 01:00:00,3323.15234375,0,-0.22100381668441724
2026-01-15 02:00:00,3312.302001953125,0,-0.26180746333767835
2026-01-15 03:00:00,3286.70849609375,780580864,-0.24790821878436817
2026-01-15 04:00:00,3302.476318359375,0,0.10081547977722885
2026-01-15 05:00:00,3311.52392578125,0,-0.13507357481297258
2026-01-15 06:00:00,3315.8935546875,0,-0.05871423395380561
2026-01-15 07:00:00,3327.466552734375,0,-0.2684155970830734
2026-01-15 08:00:00,3335.689453125,24438784,-0.33147457582291145
2026-01-15 09:00:00,3367.17333984375,297091072,-0.2608579963476372
2026-01-15 10:00:00,3363.36865234375,149446656,-0.29640349047356007
2026-01-15 11:00:00,3349.6767578125,0,-0.11853768040793784
2026-01-15 12:00:00,3368.1640625,0,-0.10356317896886423
2026-01-15 13:00:00,3370.486572265625,185370624,-0.24642554325600793
2026-01-15 14:00:00,3340.79736328125,0,-0.13619923604411152
2026-01-15 15:00:00,3316.739990234375,0,-0.40211400919960505
2026-01-15 16:00:00,3332.88818359375,0,-0.029448277244093945
2026-01-15 17:00:00,3304.694091796875,0,-0.14316481169811615
2026-01-15 18:00:00,3285.79296875,294457344,-0.2162831922361065
2026-01-15 19:00:00,3292.256591796875,0,-0.01324518449083647
2026-01-15 20:00:00,3284.2412109375,0,-0.028234064669934323
2026-01-15 21:00:00,3298.0712890625,0,0.008838761885151826
2026-01-15 22:00:00,3305.22607421875,0,-0.18808583302703333
2026-01-15 23:00:00,3316.51025390625,0,-0.24338501672529983
2026-01-16 00:00:00,3315.81103515625,0,-0.111898679429557
2026-01-16 01:00:00,3313.74951171875,0,-0.06947067305256518
2026-01-16 02:00:00,3301.388427734375,0,-0.33407415373347255
2026-01-16 03:00:00,3294.90283203125,0,-0.1831954713971709
2026-01-16 04:00:00,3281.786865234375,84037632,-0.2703846665649855
2026-01-16 05:00:00,3308.265625,269293568,-0.34476535665064245
2026-01-16 06:00:00,3313.0703125,0,-0.12961568187591713
2026-01-16 07:00:00,3308.354736328125,0,-0.1144458452121565
2026-01-16 08:00:00,3312.12353515625,0,-0.3404467023631525
2026-01-16 09:00:00,3307.778564453125,0,-0.26596884386564884
2026-01-16 10:00:00,3295.94287109375,0,-0.34967683948884126
2026-01-16 11:00:00,3300.4013671875,0,-0.29859162199099665
2026-01-16 12:00:00,3305.861572265625,0,-0.3024547136403818
2026-01-16 13:00:00,3306.869384765625,0,0.14646726890618467
2026-01-16 14:00:00,3292.852783203125,0,-0.2675317487137335
2026-01-16 15:00:00,3263.950927734375,711241728,-0.14712633811044504
2026-01-16 16:00:00,3276.943359375,386244608,-0.22390613007601026
2026-01-16 17:00:00,3280.21435546875,0,-0.09843572278397067
2026-01-16 18:00:00,3278.709716796875,0,-0.22027368042651788
2026-01-16 19:00:00,3273.367431640625,0,-0.21692860015171467
2026-01-16 20:00:00,3289.365478515625,231022592,-0.1654036475995443
2026-01-16 21:00:00,3292.729248046875,452935680,-0.2115763435287891
2026-01-16 22:00:00,3291.0361328125,0,-0.060412018638891174
2026-01-16 23:00:00,3295.744384765625,0,-0.23848681086168527
2026-01-17 00:00:00,3291.20654296875,0,-0.1546713404033416
2026-01-17 01:00:00,3289.1875,0,-0.3172446657752123
2026-01-17 02:00:00,3290.3251953125,0,-0.1966870633096047
2026-01-17 03:00:00,3289.63330078125,0,-0.1441876344799824
2026-01-17 04:00:00,3290.92041015625,0,-0.25791703173045144
2026-01-17 05:00:00,3289.986083984375,0,-0.12601452036860072
2026-01-17 06:00:00,3289.614501953125,0,-0.1676867210119357
2026-01-17 07:00:00,3289.87158203125,0,-0.15899867314587107
2026-01-17 08:00:00,3294.62744140625,0,-0.30997552191439987
2026-01-17 09:00:00,3297.7060546875,73195520,0.12685523023879128
2026-01-17 10:00:00,3294.93798828125,0,-0.12592309158169618
2026-01-17 11:00:00,3301.244873046875,0,0.005952232257187412
2026-01-17 12:00:00,3301.46826171875,0,-0.3448615967484306
2026-01-17 13:00:00,3302.428955078125,0,-0.1498867502028621
2026-01-17 14:00:00,3308.1611328125,0,-0.17859573505825577
2026-01-17 15:00:00,3325.5322265625,0,-0.40497058477570663
2026-01-17 16:00:00,3317.843505859375,0,-0.5238025304887008
2026-01-17 17:00:00,3317.80078125,0,-0.2665238065703037
2026-01-17 18:00:00,3317.02001953125,0,-0.1915225940464284
2026-01-17 19:00:00,3315.2412109375,0,-0.3849270671951059
2026-01-17 20:00:00,3316.8125,0,-0.030481964506271327
2026-01-17 21:00:00,3310.85986328125,0,-0.3248586788035822
2026-01-17 22:00:00,3304.6875,0,-0.18347877552934932
2026-01-17 23:00:00,3308.698486328125,0,-0.29856095695463913
2026-01-18 00:00:00,3303.572265625,0,-0.21593995422031087
2026-01-18 01:00:00,3299.79150390625,5565440,-0.27223742577997123
2026-01-18 02:00:00,3302.015625,0,-0.3351731156547931
2026-01-18 03:00:00,3314.905517578125,79418368,-0.0999999857319253
2026-01-18 04:00:00,3310.89794921875,0,-0.003980986414277114
2026-01-18 05:00:00,3315.604736328125,84677632,-0.06583845406640407
2026-01-18 06:00:00,3313.763427734375,108407808,-0.36458327860244244
2026-01-18 07:00:00,3306.2451171875,137193472,0.15555538370395386
2026-01-18 08:00:00,3314.46923828125,60659712,-0.27963966404849816
2026-01-18 09:00:00,3322.822265625,192417792,0.05303028357438531
2026-01-18 10:00:00,3324.519775390625,229490688,-0.02777806626125338
2026-01-18 11:00:00,3320.80029296875,0,0.21767192096977
2026-01-18 12:00:00,3320.937744140625,64934912,-0.0725622757279182
2026-01-18 13:00:00,3324.561767578125,308587520,0.16402095613244916
2026-01-18 14:00:00,3322.612060546875,624224256,-0.2454124821061713
2026-01-18 15:00:00,3332.771240234375,0,-0.5854845959372976
2026-01-18 16:00:00,3334.073974609375,0,-0.15363654265116752
2026-01-18 17:00:00,3336.844482421875,0,-0.16797480749746904
2026-01-18 18:00:00,3362.475830078125,686107648,-0.047589285485361676
2026-01-18 19:00:00,3344.921630859375,321294336,-0.07914235730386558
2026-01-18 20:00:00,3339.60107421875,193688576,-0.1798206562553373
2026-01-18 21:00:00,3340.423583984375,0,-0.08676365316929179
2026-01-18 22:00:00,3348.71044921875,0,-0.06444825331475994
2026-01-18 23:00:00,3280.012939453125,1788262400,-0.12225826157266446
2026-01-19 00:00:00,3211.415283203125,5645550592,-0.19674035213441884
2026-01-19 01:00:00,3204.53515625,1414035456,-0.23790384483699317
2026-01-19 02:00:00,3204.02197265625,1013037056,-0.13666643853353902
2026-01-19 03:00:00,3210.94677734375,606130176,-0.2088262439624607
2026-01-19 04:00:00,3212.194580078125,1067241472,-0.12740746076688717
2026-01-19 05:00:00,3202.26708984375,1140844544,-0.09167329349049656
2026-01-19 06:00:00,3192.9228515625,668733440,-0.32004830112149796
2026-01-19 07:00:00,3206.5185546875,346142720,-0.4003966226490384
2026-01-19 08:00:00,3214.297119140625,776771584,-0.1523301201755925
2026-01-19 09:00:00,3207.26123046875,0,-0.44426437114660217
2026-01-19 10:00:00,3213.175537109375,0,-0.5486614660180819
2026-01-19 11:00:00,3222.0322265625,1493448704,-0.42483883865880323
2026-01-19 12:00:00,3222.927001953125,1116135424,-0.220045855792196
2026-01-19 13:00:00,3216.822509765625,19726336,-0.29590964863806407
2026-01-19 14:00:00,3211.11962890625,0,-0.32806218551550104
2026-01-19 15:00:00,3215.538330078125,124715008,-0.3257095147643997
2026-01-19 16:00:00,3222.271484375,216371200,-0.3272356361701176
2026-01-19 17:00:00,3218.1884765625,106901504,-0.37316015925928336
2026-01-19 18:00:00,3213.193115234375,0,-0.21686698655763373
2026-01-19 19:00:00,3218.0546875,0,-0.2404199768842117
2026-01-19 20:00:00,3214.4091796875,118020096,-0.2843256643834734
2026-01-19 21:00:00,3211.867919921875,96790528,-0.22560965577098385
2026-01-19 22:00:00,3190.940673828125,281165824,-0.18290578687341577
2026-01-19 23:00:00,3185.94482421875,0,-0.24709151723290448
2026-01-20 00:00:00,3181.721923828125,0,-0.5138924695804774
2026-01-20 01:00:00,3193.341552734375,0,-0.14269605810672917
2026-01-20 02:00:00,3190.671142578125,0,-0.13773640224273695
2026-01-20 03:00:00,3185.32421875,0,-0.10820591231606622
2026-01-20 04:00:00,3169.426025390625,0,-0.2042686209926039
2026-01-20 05:00:00,3170.16748046875,60389376,0.028677181477916838
2026-01-20 06:00:00,3111.99267578125,795770880,-0.04082282660380551
2026-01-20 07:00:00,3121.391357421875,887666688,-0.09161807923251036
2026-01-20 08:00:00,3101.747802734375,580231168,-0.3066779388783135
2026-01-20 09:00:00,3090.81298828125,678162432,-0.4202903015949661
2026-01-20 10:00:00,3100.61279296875,290129920,-0.1223099751705322
2026-01-20 11:00:00,3107.2080078125,0,-0.573085879644048
2026-01-20 12:00:00,3108.41650390625,0,-0.3716111869492762
2026-01-20 13:00:00,3076.6298828125,585129984,-0.2763409693890045
2026-01-20 14:00:00,3046.293212890625,2256209920,-0.29879994094183415
2026-01-20 15:00:00,3024.935302734375,2698803200,-0.10275858009483879
2026-01-20 16:00:00,3006.839111328125,1085202432,-0.37754081516923144
2026-01-20 17:00:00,2997.13623046875,831488000,-0.3161628706684231
2026-01-20 18:00:00,2989.925537109375,678158336,-0.3692477147167259
2026-01-20 19:00:00,2991.9599609375,965386240,-0.22356099285386058
2026-01-20 20:00:00,2996.720703125,435603456,-0.18409749674921463
2026-01-20 21:00:00,2990.805908203125,330287104,-0.14527168885261896
2026-01-20 22:00:00,2946.0234375,1175828480,-0.21271099863306456
2026-01-20 23:00:00,2936.596923828125,80873472,-0.18917833483669
2026-01-21 00:00:00,2958.314208984375,627355648,-0.1673378049843348
2026-01-21 01:00:00,2962.586181640625,275226624,-0.10303947814158965
2026-01-21 02:00:00,2958.6953125,78688256,-0.2013257093235837
2026-01-21 03:00:00,2977.99609375,341319680,-0.28646581664289783
2026-01-21 04:00:00,2977.78173828125,701100032,-0.26998486244272163
2026-01-21 05:00:00,2988.97265625,1092317184,-0.25191240684243305
2026-01-21 06:00:00,2975.861572265625,548732928,-0.31967175407204806
2026-01-21 07:00:00,2976.383544921875,1031487488,-0.5189592647677341
